solv_comb_sm,salt_comb_sm,solv_ecfp_pca_0,solv_ecfp_pca_1,solv_ecfp_pca_2,solv_ecfp_pca_3,solv_ecfp_pca_4,solv_ecfp_pca_5,solv_ecfp_pca_6,solv_ecfp_pca_7,solv_ecfp_pca_8,solv_ecfp_pca_9,salt_ecfp_pca_0,salt_ecfp_pca_1,salt_ecfp_pca_2,salt_ecfp_pca_3,salt_ecfp_pca_4,salt_ecfp_pca_5,salt_ecfp_pca_6,salt_ecfp_pca_7,salt_ecfp_pca_8,salt_ecfp_pca_9,mol_wt_solv,mol_wt_salt,conc_salt_1,theor_capacity,amt_electrolyte,norm_capacity_1,norm_capacity_2,norm_capacity_3,norm_capacity_4,norm_capacity_5,norm_capacity_6,norm_capacity_7,norm_capacity_8,norm_capacity_9,norm_capacity_10,norm_capacity_11,norm_capacity_12,norm_capacity_13,norm_capacity_14,norm_capacity_15,norm_capacity_16,norm_capacity_17,norm_capacity_18,norm_capacity_19,norm_capacity_20,norm_capacity_21,norm_capacity_22,norm_capacity_23
COCCOC,O=S(=O)(F)[N-]S(=O)(=O)F.[Li+],-0.845301314,-0.995150622,1.062719678,-0.357551944,-0.30871976,0.309455892,0.693324769,0.61307207,-0.780468556,-0.407587973,-2.16657931,-0.415815516,-0.412779777,-0.289515906,1.09957985,0.128733297,-0.322338982,0.258766944,0.301778981,-0.272647965,90.06807956,186.9396855,1,150,50,0.764486667,0.34688,0.27658,0.17872,0.09382,0.077066667,0.050366667,0.030186667,0,0,0,0,0,0,0,0,0,0,0,0,0,0,0
COCCOC(C)C,O=S(=O)(F)[N-]S(=O)(=O)F.[Li+],-1.183255149,-0.948337914,0.615256685,-0.58226942,-1.010186872,-0.522075425,0.496895981,0.301582016,-0.507040042,-0.352331479,-2.16657931,-0.415815516,-0.412779777,-0.289515906,1.09957985,0.128733297,-0.322338982,0.258766944,0.301778981,-0.272647965,118.0993797,186.9396855,1,150,50,0.834346667,0.74414,0.66146,0.5876,0.520826667,0.456893333,0.402953333,0.36088,0,0,0,0,0,0,0,0,0,0,0,0,0,0,0
COCCOCC(C)C,O=S(=O)(F)[N-]S(=O)(=O)F.[Li+],-1.240813652,-0.970769374,0.671104789,-0.607788696,-1.124651424,-0.436616728,0.62882414,0.421934363,-0.667953644,-0.376857272,-2.16657931,-0.415815516,-0.412779777,-0.289515906,1.09957985,0.128733297,-0.322338982,0.258766944,0.301778981,-0.272647965,132.1150298,186.9396855,1,150,50,0.36816,0.284533333,0.178386667,0.12136,0.092406667,0.07252,0.059493333,0.0459,0.03802,0.030713333,0.026093333,0.0234,0.023206667,0.022233333,0.02168,0.022966667,0,0,0,0,0,0,0
COCCOCC(C)C,O=S(=O)(F)[N-]S(=O)(=O)F.[Li+],-1.240813652,-0.970769374,0.671104789,-0.607788696,-1.124651424,-0.436616728,0.62882414,0.421934363,-0.667953644,-0.376857272,-2.16657931,-0.415815516,-0.412779777,-0.289515906,1.09957985,0.128733297,-0.322338982,0.258766944,0.301778981,-0.272647965,132.1150298,186.9396855,1,150,50,0.267146667,0.311753333,0.216953333,0.157746667,0.11502,0.08562,0.06048,0.0404,0.018046667,0.0076,0.001526667,0.001093333,0.000766667,0.000573333,0.00046,0.00036,0.000406667,0.0006,0.000593333,0.000446667,0.000333333,0,0
CCOCCOC(C)(C)C,O=S(=O)(F)[N-]S(=O)(=O)F.[Li+],-0.879184033,-1.539457397,0.507075197,-0.111829666,0.800174592,0.133052901,0.926130223,-0.208394845,0.09926732,-0.130341098,-2.16657931,-0.415815516,-0.412779777,-0.289515906,1.09957985,0.128733297,-0.322338982,0.258766944,0.301778981,-0.272647965,146.1306798,186.9396855,2.2,150,50,0.77354,0.035786667,0.026186667,0.019533333,0.02132,0.018986667,0.016993333,0.016626667,0.01662,0.01744,0.014386667,0,0,0,0,0,0,0,0,0,0,0,0
CCOCCOC(C)C,O=S(=O)(F)[N-]S(=O)(=O)F.[Li+],-1.092294722,-1.519333652,-0.056199859,-0.093035869,-0.57201212,-0.583818474,-0.053796147,-0.111618619,-0.235490166,-0.315117402,-2.16657931,-0.415815516,-0.412779777,-0.289515906,1.09957985,0.128733297,-0.322338982,0.258766944,0.301778981,-0.272647965,132.1150298,186.9396855,2,150,50,0.868633333,0.721733333,0.620446667,0.52366,0.455313333,0.40342,0.350913333,0.304686667,0.272633333,0.242053333,0.218373333,0.19062,0.154126667,0.13076,0,0,0,0,0,0,0,0,0
CCOCCOC(C)C,O=S(=O)(F)[N-]S(=O)(=O)F.[Li+],-1.092294722,-1.519333652,-0.056199859,-0.093035869,-0.57201212,-0.583818474,-0.053796147,-0.111618619,-0.235490166,-0.315117402,-2.16657931,-0.415815516,-0.412779777,-0.289515906,1.09957985,0.128733297,-0.322338982,0.258766944,0.301778981,-0.272647965,132.1150298,186.9396855,2,150,50,0.866926667,0.74042,0.643713333,0.564693333,0.50282,0.452893333,0.402253333,0.356433333,0.30402,0.26538,0.238326667,0.211733333,0.185186667,0.16508,0.146986667,0.13552,0.122253333,0.109646667,0.104446667,0.098606667,0.088353333,0,0
CCCCOCCOC,O=S(=O)(F)[N-]S(=O)(=O)F.[Li+],-1.067892401,-1.253528912,0.602356639,0.775133942,-0.714363578,1.295648251,0.646532478,0.057885571,-0.297491097,-0.275587927,-2.16657931,-0.415815516,-0.412779777,-0.289515906,1.09957985,0.128733297,-0.322338982,0.258766944,0.301778981,-0.272647965,132.1150298,186.9396855,1,150,50,0.26588,0.333046667,0.28502,0.238393333,0.206793333,0.17742,0.153606667,0.131453333,0.11314,0.097066667,0.081666667,0.066946667,0.051866667,0.038066667,0.023486667,0,0,0,0,0,0,0,0
COCCOC1CCCC1,O=S(=O)(F)[N-]S(=O)(=O)F.[Li+],0.394637021,-0.462672447,0.854415569,-0.416162254,-1.007141145,1.060702369,0.662826956,-0.394235422,-0.689026615,-0.69220093,-2.16657931,-0.415815516,-0.412779777,-0.289515906,1.09957985,0.128733297,-0.322338982,0.258766944,0.301778981,-0.272647965,144.1150298,186.9396855,1,150,50,0.719906667,0.563973333,0.46594,0.39454,0.334493333,0.28266,0.24062,0.206333333,0.175686667,0.14544,0.118546667,0.08914,0.060826667,0.034466667,0.019666667,0.019633333,0.021166667,0.022866667,0.026233333,0.025506667,0.025266667,0,0
CCCCOCCOC(C)C,O=S(=O)(F)[N-]S(=O)(=O)F.[Li+],-1.075802707,-1.758840188,-0.316575343,0.66784325,-0.912375893,0.097061384,-0.035434319,-0.6026372,0.068839516,-0.249899929,-2.16657931,-0.415815516,-0.412779777,-0.289515906,1.09957985,0.128733297,-0.322338982,0.258766944,0.301778981,-0.272647965,160.1463299,186.9396855,2,150,50,0.637586667,0.620093333,0.566,0.45884,0.31022,0.254613333,0.22024,0.179573333,0.10766,0.07786,0.055493333,0.05242,0.050393333,0.05122,0.044826667,0.041993333,0.03716,0.043613333,0.046513333,0.04848,0.050413333,0,0
COCCOCCOC,O=S(=O)(F)[N-]S(=O)(=O)F.[Li+],-0.899245337,-1.039674159,1.079794228,-0.35135381,-0.360826913,0.421555364,0.804487743,0.673994873,-0.878265459,-0.450959326,-2.16657931,-0.415815516,-0.412779777,-0.289515906,1.09957985,0.128733297,-0.322338982,0.258766944,0.301778981,-0.272647965,134.0942943,186.9396855,1,150,50,0.51076,0.19788,0.112013333,0.064033333,0.033713333,0.009986667,0.003746667,0.00164,0.001153333,0.000833333,0.00078,0.00066,0.0006,0.00054,0.000526667,0.000473333,0.000446667,0.000446667,0.00038,0.000426667,0.0005,0,0
FC(F)(F)COCCOCCOCC(F)(F)F,O=S(=O)(F)[N-]S(=O)(=O)F.[Li+],-0.657249054,-1.593830637,0.624975993,-0.502685362,0.783076982,-0.000997661,0.897056988,0.013969926,-0.600441711,-0.517590678,-2.16657931,-0.415815516,-0.412779777,-0.289515906,1.09957985,0.128733297,-0.322338982,0.258766944,0.301778981,-0.272647965,270.0690636,186.9396855,1,150,50,0.734613333,0.478133333,0.3669,0.288033333,0.22046,0.1702,0,0,0,0,0,0,0,0,0,0,0,0,0,0,0,0,0
FCCOCCOCCOCCF,O=S(=O)(F)[N-]S(=O)(=O)F.[Li+],-0.577399435,-1.639611527,0.670797886,-0.294001918,0.253208818,-0.028375034,0.3491853,0.2832121,-0.829724227,-0.518639269,-2.16657931,-0.415815516,-0.412779777,-0.289515906,1.09957985,0.128733297,-0.322338982,0.258766944,0.301778981,-0.272647965,198.1067508,186.9396855,1,150,50,0.12464,0.019526667,0.009353333,0.00432,0.00136,0.000553333,0.00034,0.00028,0.000253333,0.000233333,0.000233333,0.000233333,0.00022,0.000233333,0.000253333,0.000266667,0.00028,0.00028,0.000313333,0.000386667,0.000333333,0,0
COCCOCC(F)(F)C(F)(F)F,O=S(=O)(F)[N-]S(=O)(=O)F.[Li+],-0.990625864,-1.13011434,1.217521529,-0.578703863,0.178735366,0.279892686,1.365620084,0.46458492,-0.464039538,-0.46136359,-2.16657931,-0.415815516,-0.412779777,-0.289515906,1.09957985,0.128733297,-0.322338982,0.258766944,0.301778981,-0.272647965,208.0522706,186.9396855,1,150,50,0.774833333,0.706306667,0.652766667,0.599233333,0.548993333,0.498026667,0.444493333,0.393746667,0.348706667,0.303893333,0.249626667,0.20416,0.167253333,0.140333333,0.109253333,0.088086667,0.0678,0.0518,0.046993333,0.036413333,0.024226667,0,0
COCCOCC(F)(F)C(F)(F)F,O=S(=O)(F)[N-]S(=O)(=O)F.[Li+],-0.990625864,-1.13011434,1.217521529,-0.578703863,0.178735366,0.279892686,1.365620084,0.46458492,-0.464039538,-0.46136359,-2.16657931,-0.415815516,-0.412779777,-0.289515906,1.09957985,0.128733297,-0.322338982,0.258766944,0.301778981,-0.272647965,208.0522706,186.9396855,1,150,50,0.877346667,0.83098,0.770546667,0.708566667,0.656493333,0.603706667,0.54866,0.507333333,0.462946667,0.42002,0.373786667,0.3273,0.280453333,0.23594,0.213286667,0.173066667,0.149193333,0.136926667,0.121466667,0.10752,0.093246667,0,0
COCCOCC(F)(F)C(F)(F)F,O=S(=O)(F)[N-]S(=O)(=O)F.[Li+],-0.990625864,-1.13011434,1.217521529,-0.578703863,0.178735366,0.279892686,1.365620084,0.46458492,-0.464039538,-0.46136359,-2.16657931,-0.415815516,-0.412779777,-0.289515906,1.09957985,0.128733297,-0.322338982,0.258766944,0.301778981,-0.272647965,208.0522706,186.9396855,1,150,50,0.793986667,0.766546667,0.700846667,0.640833333,0.5839,0.52862,0.477566667,0.426026667,0.37466,0.33188,0.274126667,0.210273333,0.153786667,0.119813333,0.0992,0.068026667,0.0442,0.03254,0.02802,0.02748,0.020773333,0,0
FC(F)(F)COCCOCCOCCOCC(F)(F)F,O=S(=O)(F)[N-]S(=O)(=O)F.[Li+],-0.657249054,-1.593830637,0.624975993,-0.502685362,0.783076982,-0.000997661,0.897056988,0.013969926,-0.600441711,-0.517590678,-2.16657931,-0.415815516,-0.412779777,-0.289515906,1.09957985,0.128733297,-0.322338982,0.258766944,0.301778981,-0.272647965,314.0952783,186.9396855,2,150,50,0.874226667,0.58322,0.477793333,0.387973333,0.314433333,0.260046667,0.21126,0.181333333,0,0,0,0,0,0,0,0,0,0,0,0,0,0,0
COCCOCC(F)(F)C(F)(F)F,O=S(=O)(F)[N-]S(=O)(=O)F.[Li+],-0.990625864,-1.13011434,1.217521529,-0.578703863,0.178735366,0.279892686,1.365620084,0.46458492,-0.464039538,-0.46136359,-2.16657931,-0.415815516,-0.412779777,-0.289515906,1.09957985,0.128733297,-0.322338982,0.258766944,0.301778981,-0.272647965,208.0522706,186.9396855,1,150,50,0.89436,0.827946667,0.75172,0.684846667,0.625273333,0.573966667,0.5252,0.478033333,0.43492,0.37662,0.37012,0.32996,0.249693333,0,0,0,0,0,0,0,0,0,0
COCCOCC(F)(F)C(F)(F)F,O=S(=O)(F)[N-]S(=O)(=O)F.[Li+],-0.990625864,-1.13011434,1.217521529,-0.578703863,0.178735366,0.279892686,1.365620084,0.46458492,-0.464039538,-0.46136359,-2.16657931,-0.415815516,-0.412779777,-0.289515906,1.09957985,0.128733297,-0.322338982,0.258766944,0.301778981,-0.272647965,208.0522706,186.9396855,1,150,50,0.89962,0.786906667,0.68484,0.601606667,0.5369,0.464113333,0.402826667,0.33638,0,0,0,0,0,0,0,0,0,0,0,0,0,0,0
FCCOCCOCCF,O=S(=O)(F)[N-]S(=O)(=O)F.[Li+],-0.577399435,-1.639611527,0.670797886,-0.294001918,0.253208818,-0.028375034,0.3491853,0.2832121,-0.829724227,-0.518639269,-2.16657931,-0.415815516,-0.412779777,-0.289515906,1.09957985,0.128733297,-0.322338982,0.258766944,0.301778981,-0.272647965,154.0805361,186.9396855,1,150,50,0.49342,0.316906667,0.2435,0.18856,0.14518,0.114326667,0.0897,0.070133333,0.055973333,0.043926667,0.034813333,0.02734,0,0,0,0,0,0,0,0,0,0,0
COCCOCC(F)(F)C(F)F,O=S(=O)(F)[N-]S(=O)(=O)F.[Li+],-1.190544702,-1.129055644,1.030187241,-0.66846516,-0.151807882,-0.097468222,1.281233276,0.277076031,-0.442167022,-0.403692158,-2.16657931,-0.415815516,-0.412779777,-0.289515906,1.09957985,0.128733297,-0.322338982,0.258766944,0.301778981,-0.272647965,190.0616924,186.9396855,1,150,50,0.950086667,0.874466667,0.816786667,0.76688,0.71714,0.67266,0.63054,0.58846,0.548,0.514966667,0.480266667,0.44856,0.41784,0.3901,0.362973333,0.337313333,0.311993333,0.28864,0,0,0,0,0
COCCOCC(F)(F)C(F)F,O=S(=O)(F)[N-]S(=O)(=O)F.[Li+],-1.190544702,-1.129055644,1.030187241,-0.66846516,-0.151807882,-0.097468222,1.281233276,0.277076031,-0.442167022,-0.403692158,-2.16657931,-0.415815516,-0.412779777,-0.289515906,1.09957985,0.128733297,-0.322338982,0.258766944,0.301778981,-0.272647965,190.0616924,186.9396855,1,150,50,0.8534,0.772873333,0.691613333,0.626273333,0.56428,0.506366667,0.45148,0.399686667,0.35722,0.312053333,0,0,0,0,0,0,0,0,0,0,0,0,0
COCC(F)(F)C(F)(F)COC,O=S(=O)(F)[N-]S(=O)(=O)F.[Li+],-0.701883622,-1.481805137,1.023019275,-0.732298724,0.376696214,-0.032525502,1.00924756,0.164645846,-0.168576208,-0.320181334,-2.16657931,-0.415815516,-0.412779777,-0.289515906,1.09957985,0.128733297,-0.322338982,0.258766944,0.301778981,-0.272647965,190.0616924,186.9396855,1,150,50,0.9559,0.805953333,0.699386667,0.634906667,0.570853333,0.52362,0.47042,0.429206667,0.402333333,0.365746667,0.332966667,0.301286667,0.267666667,0.24078,0.201066667,0.165473333,0.082013333,0.109333333,0,0,0,0,0
COCC(F)(F)C(F)(F)COC,O=S(=O)(F)[N-]S(=O)(=O)F.[Li+],-0.701883622,-1.481805137,1.023019275,-0.732298724,0.376696214,-0.032525502,1.00924756,0.164645846,-0.168576208,-0.320181334,-2.16657931,-0.415815516,-0.412779777,-0.289515906,1.09957985,0.128733297,-0.322338982,0.258766944,0.301778981,-0.272647965,190.0616924,186.9396855,1,150,50,0.94036,0.802113333,0.67744,0.602453333,0.54118,0.489686667,0.442853333,0.394326667,0.349753333,0.324233333,0.286086667,0.257946667,0.21876,0.163546667,0.107466667,0.039193333,0.014826667,0.010093333,0,0,0,0,0
COCC(F)(F)C(F)(F)COC,O=S(=O)(F)[N-]S(=O)(=O)F.[Li+],-0.701883622,-1.481805137,1.023019275,-0.732298724,0.376696214,-0.032525502,1.00924756,0.164645846,-0.168576208,-0.320181334,-2.16657931,-0.415815516,-0.412779777,-0.289515906,1.09957985,0.128733297,-0.322338982,0.258766944,0.301778981,-0.272647965,190.0616924,186.9396855,1,150,50,0.943386667,0.71472,0.5874,0.499853333,0.431506667,0.377593333,0.330806667,0.290466667,0.250606667,0.209733333,0.195006667,0.155973333,0.113293333,0,0,0,0,0,0,0,0,0,0
COCC(F)(F)C(F)(F)COC,O=S(=O)(F)[N-]S(=O)(=O)F.[Li+],-0.701883622,-1.481805137,1.023019275,-0.732298724,0.376696214,-0.032525502,1.00924756,0.164645846,-0.168576208,-0.320181334,-2.16657931,-0.415815516,-0.412779777,-0.289515906,1.09957985,0.128733297,-0.322338982,0.258766944,0.301778981,-0.272647965,190.0616924,186.9396855,1,150,50,0.889206667,0.691466667,0.570646667,0.485426667,0.42624,0.373166667,0.327246667,0.285086667,0.244906667,0.206313333,0.172273333,0.150453333,0.122033333,0.097473333,0.064966667,0.030653333,0,0,0,0,0,0,0
COCCOB(OCCOC)OCCOC,O=S(=O)(F)[N-]S(=O)(=O)F.[Li+],-0.84380391,-0.9347855,1.100088953,-0.357725515,-0.344566374,0.308552625,0.688237019,0.572082135,-0.786093915,-0.396651398,-2.16657931,-0.415815516,-0.412779777,-0.289515906,1.09957985,0.128733297,-0.322338982,0.258766944,0.301778981,-0.272647965,236.1431188,186.9396855,1,150,50,0.63388,0.003973333,0.000746667,0.000493333,0.0004,0.000353333,0.000326667,0.000306667,0.00028,0.000266667,0.000253333,0,0,0,0,0,0,0,0,0,0,0,0
COC(=O)OCC(F)(F)F,O=S(=O)(F)[N-]S(=O)(=O)F.[Li+],-1.321120898,0.207300714,1.242264556,-0.436737422,0.54603079,-0.498201107,0.295801405,-0.467213288,-0.074214089,-0.289551939,-2.16657931,-0.415815516,-0.412779777,-0.289515906,1.09957985,0.128733297,-0.322338982,0.258766944,0.301778981,-0.272647965,158.0190787,186.9396855,1,150,50,0.215166667,0.101526667,0.05078,0.022473333,0.010673333,0,0,0,0,0,0,0,0,0,0,0,0,0,0,0,0,0,0
O=C1OCC(C(F)(F)F)O1,O=S(=O)(F)[N-]S(=O)(=O)F.[Li+],0.626498926,-1.29698795,1.011451642,-0.283365589,1.109053402,-0.576827595,-0.269631354,-0.386153283,-0.883121443,0.417589841,-2.16657931,-0.415815516,-0.412779777,-0.289515906,1.09957985,0.128733297,-0.322338982,0.258766944,0.301778981,-0.272647965,156.0034286,186.9396855,1,150,50,0.1135,0.016593333,0.00496,0.00218,0.0012,0.00074,0,0,0,0,0,0,0,0,0,0,0,0,0,0,0,0,0
FCCOB(OCCF)OCCF,O=S(=O)(F)[N-]S(=O)(=O)F.[Li+],-0.510412183,-1.542039984,0.689379069,-0.304561586,0.259265593,-0.117256334,0.238872074,0.181288645,-0.705821189,-0.488305944,-2.16657931,-0.415815516,-0.412779777,-0.289515906,1.09957985,0.128733297,-0.322338982,0.258766944,0.301778981,-0.272647965,200.0831593,186.9396855,1,150,40,0.87988,0.635793333,0.387506667,0.21872,0.09102,0,0,0,0,0,0,0,0,0,0,0,0,0,0,0,0,0,0
COCCOCC(F)(F)C(F)(F)F,O=S(=O)(F)[N-]S(=O)(=O)F.[Li+],-0.990625864,-1.13011434,1.217521529,-0.578703863,0.178735366,0.279892686,1.365620084,0.46458492,-0.464039538,-0.46136359,-2.16657931,-0.415815516,-0.412779777,-0.289515906,1.09957985,0.128733297,-0.322338982,0.258766944,0.301778981,-0.272647965,208.0522706,186.9396855,1,150,13,0.882252667,0.82838,0.776418667,0.721490667,0.668490667,0.615240667,0,0,0,0,0,0,0,0,0,0,0,0,0,0,0,0,0
COCCOCc1ccco1,O=S(=O)(F)[N-]S(=O)(=O)F.[Li+],-0.687319434,-1.062974786,1.246790938,-0.438504201,-0.324317538,0.383255959,0.514114389,0.764952846,-1.026413003,0.076663495,-2.16657931,-0.415815516,-0.412779777,-0.289515906,1.09957985,0.128733297,-0.322338982,0.258766944,0.301778981,-0.272647965,156.0786442,186.9396855,1,150,50,0.031408,0.000240667,0.000204,0.000194667,0.000185333,0.000185333,0.000185333,0.000185333,0.000176,0.000176,0.000176,0,0,0,0,0,0,0,0,0,0,0,0
COCCOC(C)(C)C,O=S(=O)(F)[N-]S(=O)(=O)F.[Li+],-0.97014446,-0.968461659,1.178531741,-0.601063218,0.36199984,0.19479595,1.47682235,0.20480579,-0.172282555,-0.167555175,-2.16657931,-0.415815516,-0.412779777,-0.289515906,1.09957985,0.128733297,-0.322338982,0.258766944,0.301778981,-0.272647965,132.1150298,186.9396855,1,150,50,0.44855,0.415689333,0.276148,0.183398,0.122787333,0.082962667,0.06025,0.044759333,0.033592667,0.025388667,0.020194667,0.015888667,0.012546,0.009888667,0.007916667,0.006287333,0.005074,0.004046,0.003120667,0.002509333,0.001768667,0,0
COCCOCC(F)(F)C(F)(F)F,O=S(=O)(F)[N-]S(=O)(=O)F.[Li+],-0.990625864,-1.13011434,1.217521529,-0.578703863,0.178735366,0.279892686,1.365620084,0.46458492,-0.464039538,-0.46136359,-2.16657931,-0.415815516,-0.412779777,-0.289515906,1.09957985,0.128733297,-0.322338982,0.258766944,0.301778981,-0.272647965,208.0522706,186.9396855,1,203,50,0.878829064,0.872306897,0.736065517,0.581862069,0.461095567,0.381438916,0,0,0,0,0,0,0,0,0,0,0,0,0,0,0,0,0
COCCOCC(F)(F)C(F)(F)F,O=C1O[B-](F)(F)OC1=O.O=S(=O)(F)[N-]S(=O)(=O)F.[Li+].[Li+],-0.990625864,-1.13011434,1.217521529,-0.578703863,0.178735366,0.279892686,1.365620084,0.46458492,-0.464039538,-0.46136359,-1.503904056,-0.733163051,-0.483659033,-0.2519296,1.105527792,-0.506508095,-0.156029719,0.14965692,0.180155999,-0.0241349,208.0522706,330.9414603,1,203,13,0.866596059,0.051165025,0.000522167,0.000458128,0.000421675,0.000421675,0,0,0,0,0,0,0,0,0,0,0,0,0,0,0,0,0
COCCOCC(F)(F)C(F)(F)F,O=S(=O)(F)[N-]S(=O)(=O)F.[Li+],-0.990625864,-1.13011434,1.217521529,-0.578703863,0.178735366,0.279892686,1.365620084,0.46458492,-0.464039538,-0.46136359,-2.16657931,-0.415815516,-0.412779777,-0.289515906,1.09957985,0.128733297,-0.322338982,0.258766944,0.301778981,-0.272647965,208.0522706,186.9396855,1,203,13,0.841545813,0.871389655,0.74303202,0.637987685,0.531330542,0.459466502,0,0,0,0,0,0,0,0,0,0,0,0,0,0,0,0,0
COCCOCC(F)(F)C(F)(F)F,F[B-](F)(F)F.O=S(=O)(F)[N-]S(=O)(=O)F.[Li+].[Li+],-0.990625864,-1.13011434,1.217521529,-0.578703863,0.178735366,0.279892686,1.365620084,0.46458492,-0.464039538,-0.46136359,-2.097408909,-0.444337995,-0.46638818,-0.39284581,1.022269868,0.141106727,-0.408484039,0.224392037,0.208490817,-0.352135175,208.0522706,280.9586083,1,203,13,0.797330049,0.218990148,0.09753202,0.070142857,0.049576355,0.036428571,0,0,0,0,0,0,0,0,0,0,0,0,0,0,0,0,0
COCCOCC(F)(F)C(F)(F)F,O=S(=O)(F)[N-]S(=O)(=O)F.[Li+],-0.990625864,-1.13011434,1.217521529,-0.578703863,0.178735366,0.279892686,1.365620084,0.46458492,-0.464039538,-0.46136359,-2.16657931,-0.415815516,-0.412779777,-0.289515906,1.09957985,0.128733297,-0.322338982,0.258766944,0.301778981,-0.272647965,208.0522706,186.9396855,1,203,13,0.26283399,9.36E-06,9.36E-06,9.36E-06,9.36E-06,9.36E-06,0,0,0,0,0,0,0,0,0,0,0,0,0,0,0,0,0
COCCOCC(F)(F)C(F)(F)F,O=S(=O)(F)[N-]S(=O)(=O)F.[Li+],-0.990625864,-1.13011434,1.217521529,-0.578703863,0.178735366,0.279892686,1.365620084,0.46458492,-0.464039538,-0.46136359,-2.16657931,-0.415815516,-0.412779777,-0.289515906,1.09957985,0.128733297,-0.322338982,0.258766944,0.301778981,-0.272647965,208.0522706,186.9396855,1,203,13,0.823433498,0.73682266,0.626674877,0.530793103,0.447408867,0.373901478,0,0,0,0,0,0,0,0,0,0,0,0,0,0,0,0,0
COCCOCC(F)(F)C(F)F,O=S(=O)(F)[N-]S(=O)(=O)F.[Li+],-1.190544702,-1.129055644,1.030187241,-0.66846516,-0.151807882,-0.097468222,1.281233276,0.277076031,-0.442167022,-0.403692158,-2.16657931,-0.415815516,-0.412779777,-0.289515906,1.09957985,0.128733297,-0.322338982,0.258766944,0.301778981,-0.272647965,190.0616924,186.9396855,1,203,13,0.8471867,0.74494532,0.612006404,0.480359606,0.361419704,0.269378818,0,0,0,0,0,0,0,0,0,0,0,0,0,0,0,0,0
COCCOCC(F)(F)C(F)F,O=S(=O)(F)[N-]S(=O)(=O)F.[Li+],-1.190544702,-1.129055644,1.030187241,-0.66846516,-0.151807882,-0.097468222,1.281233276,0.277076031,-0.442167022,-0.403692158,-2.16657931,-0.415815516,-0.412779777,-0.289515906,1.09957985,0.128733297,-0.322338982,0.258766944,0.301778981,-0.272647965,190.0616924,186.9396855,1,203,50,0.86866601,0.814135961,0.642517241,0.521630049,0.423354187,0.340705911,0.290518719,0.23565468,0.185315764,0.14813399,0.099416256,0.077242857,0,0,0,0,0,0,0,0,0,0,0
COCCOCC(F)(F)C(F)(F)F,O=S(=O)(F)[N-]S(=O)(=O)F.[Li+],-0.990625864,-1.13011434,1.217521529,-0.578703863,0.178735366,0.279892686,1.365620084,0.46458492,-0.464039538,-0.46136359,-2.16657931,-0.415815516,-0.412779777,-0.289515906,1.09957985,0.128733297,-0.322338982,0.258766944,0.301778981,-0.272647965,208.0522706,186.9396855,1,161,50,0.837540373,0.718776398,0.560285714,0.432652174,0.326055901,0.243670807,0,0,0,0,0,0,0,0,0,0,0,0,0,0,0,0,0
COCCOCC(F)(F)C(F)(F)F,O=S(=O)(F)[N-]S(=O)(=O)F.[Li+],-0.990625864,-1.13011434,1.217521529,-0.578703863,0.178735366,0.279892686,1.365620084,0.46458492,-0.464039538,-0.46136359,-2.16657931,-0.415815516,-0.412779777,-0.289515906,1.09957985,0.128733297,-0.322338982,0.258766944,0.301778981,-0.272647965,208.0522706,186.9396855,1,161,50,0.837539752,0.718775776,0.560284472,0.432654658,0.326058385,0.243673292,0.159268944,0.100223602,0.061416149,0.054580745,0.040085714,0.020450311,0,0,0,0,0,0,0,0,0,0,0
COCCOCC(F)(F)C(F)(F)F,O=S(=O)(F)[N-]S(=O)(=O)F.[Li+],-0.990625864,-1.13011434,1.217521529,-0.578703863,0.178735366,0.279892686,1.365620084,0.46458492,-0.464039538,-0.46136359,-2.16657931,-0.415815516,-0.412779777,-0.289515906,1.09957985,0.128733297,-0.322338982,0.258766944,0.301778981,-0.272647965,208.0522706,186.9396855,2,161,50,0.890081366,0.753070186,0.617848447,0.519279503,0.435802484,0.373745963,0,0,0,0,0,0,0,0,0,0,0,0,0,0,0,0,0
CCOCCOCC,O=S(=O)(F)[N-]S(=O)(=O)F.[Li+],-0.754340888,-1.56614636,0.391263134,0.131681608,0.129454992,0.247712842,0.142632642,0.199871435,-0.508918681,-0.370373895,-2.16657931,-0.415815516,-0.412779777,-0.289515906,1.09957985,0.128733297,-0.322338982,0.258766944,0.301778981,-0.272647965,118.0993797,186.9396855,1,150,50,0.931,0.8396,0.770133333,0.703866667,0.642666667,0.585333333,0.531866667,0.480533333,0,0,0,0,0,0,0,0,0,0,0,0,0,0,0
COCCOC,O=S(=O)(F)[N-]S(=O)(=O)F.[Li+],-0.845301314,-0.995150622,1.062719678,-0.357551944,-0.30871976,0.309455892,0.693324769,0.61307207,-0.780468556,-0.407587973,-2.16657931,-0.415815516,-0.412779777,-0.289515906,1.09957985,0.128733297,-0.322338982,0.258766944,0.301778981,-0.272647965,90.06807956,186.9396855,1,150,50,0.8,0.508933333,0.370866667,0.304666667,0.244666667,0.137533333,0.091866667,0.074666667,0.046466667,0.029,0.0204,0.020133333,0.021866667,0.019666667,0.0146,0.019733333,0.019133333,0.013533333,0.0126,0.016466667,0.021133333,0,0
COCCOC(C)C,O=S(=O)(F)[N-]S(=O)(=O)F.[Li+],-1.183255149,-0.948337914,0.615256685,-0.58226942,-1.010186872,-0.522075425,0.496895981,0.301582016,-0.507040042,-0.352331479,-2.16657931,-0.415815516,-0.412779777,-0.289515906,1.09957985,0.128733297,-0.322338982,0.258766944,0.301778981,-0.272647965,118.0993797,186.9396855,2,150,50,0.926866667,0.8126,0.7302,0.657266667,0.5932,0.538333333,0.487333333,0.439266667,0.3972,0.360466667,0.323466667,0.292733333,0.266866667,0.2438,0.2218,0.201866667,0.185066667,0.1674,0.150866667,0.1394,0.126866667,0.115533333,0.103666667
COCCOC(C)C,O=S(=O)(F)[N-]S(=O)(=O)F.[Li+],-1.183255149,-0.948337914,0.615256685,-0.58226942,-1.010186872,-0.522075425,0.496895981,0.301582016,-0.507040042,-0.352331479,-2.16657931,-0.415815516,-0.412779777,-0.289515906,1.09957985,0.128733297,-0.322338982,0.258766944,0.301778981,-0.272647965,118.0993797,186.9396855,2,150,50,0.922,0.816466667,0.745733333,0.6836,0.6262,0.573466667,0.526066667,0.482466667,0.4426,0.406,0.3736,0.343866667,0.315733333,0.288666667,0.267733333,0.245133333,0.225066667,0.206266667,0.189933333,0.173,0.159933333,0.146266667,0.1336
COCCOC,O=S(=O)(F)[N-]S(=O)(=O)F.[Li+],-0.845301314,-0.995150622,1.062719678,-0.357551944,-0.30871976,0.309455892,0.693324769,0.61307207,-0.780468556,-0.407587973,-2.16657931,-0.415815516,-0.412779777,-0.289515906,1.09957985,0.128733297,-0.322338982,0.258766944,0.301778981,-0.272647965,90.06807956,186.9396855,2,150,50,0.8558,0.752666667,0.6804,0.616733333,0.554933333,0.502133333,0.455533333,0.411466667,0.372533333,0.337733333,0.308266667,0.288666667,0.260333333,0.243,0.218466667,0.2002,0.1808,0.162933333,0.1458,0.1362,0.125133333,0.114866667,0.105
COCCOC,O=S(=O)(F)[N-]S(=O)(=O)F.[Li+],-0.845301314,-0.995150622,1.062719678,-0.357551944,-0.30871976,0.309455892,0.693324769,0.61307207,-0.780468556,-0.407587973,-2.16657931,-0.415815516,-0.412779777,-0.289515906,1.09957985,0.128733297,-0.322338982,0.258766944,0.301778981,-0.272647965,90.06807956,186.9396855,2,150,50,0.885466667,0.787866667,0.709666667,0.656666667,0.600666667,0.547,0.498666667,0.452666667,0.411266667,0.372466667,0.3358,0.307466667,0.279333333,0.253666667,0.228733333,0.207666667,0.184666667,0.1732,0.1616,0.144066667,0.136866667,0.126466667,0.113266667
COCCOC,O=S(=O)(F)[N-]S(=O)(=O)F.[Li+],-0.845301314,-0.995150622,1.062719678,-0.357551944,-0.30871976,0.309455892,0.693324769,0.61307207,-0.780468556,-0.407587973,-2.16657931,-0.415815516,-0.412779777,-0.289515906,1.09957985,0.128733297,-0.322338982,0.258766944,0.301778981,-0.272647965,90.06807956,186.9396855,2,150,50,0.878666667,0.728,0.635333333,0.571466667,0.5126,0.442266667,0.399733333,0.368733333,0.329933333,0.283733333,0.275333333,0.231066667,0.207666667,0.1876,0.174466667,0.167066667,0.158533333,0.150933333,0.129933333,0.116,0.109133333,0,0
CCOCCOC(C)C,O=S(=O)(F)[N-]S(=O)(=O)F.[Li+],-1.092294722,-1.519333652,-0.056199859,-0.093035869,-0.57201212,-0.583818474,-0.053796147,-0.111618619,-0.235490166,-0.315117402,-2.16657931,-0.415815516,-0.412779777,-0.289515906,1.09957985,0.128733297,-0.322338982,0.258766944,0.301778981,-0.272647965,132.1150298,186.9396855,2,150,50,0.692066667,0.370933333,0.268066667,0.1972,0.152266667,0.1192,0.096466667,0.075733333,0.0582,0.043933333,0.031266667,0.019866667,0.014,0.0098,0.008,0.005733333,0.0056,0.004133333,0.003533333,0.003333333,0.005,0.004733333,0.003066667
CCOCCS(=O)(=O)F,O=S(=O)(F)[N-]S(=O)(=O)F.[Li+],-0.793308973,-1.253348877,0.500190167,0.218522201,0.388076914,0.105804793,0.067019288,0.165619557,-0.756211113,-0.550334052,-2.16657931,-0.415815516,-0.412779777,-0.289515906,1.09957985,0.128733297,-0.322338982,0.258766944,0.301778981,-0.272647965,156.0256434,186.9396855,1,150,50,0.960933333,0.061866667,0.023666667,0.009733333,0.003733333,0.0012,0,0,0,0,0,0,0,0,0,0,0,0,0,0,0,0,0
CCOCCS(=O)(=O)F,O=S(=O)(F)[N-]S(=O)(=O)F.[Li+],-0.793308973,-1.253348877,0.500190167,0.218522201,0.388076914,0.105804793,0.067019288,0.165619557,-0.756211113,-0.550334052,-2.16657931,-0.415815516,-0.412779777,-0.289515906,1.09957985,0.128733297,-0.322338982,0.258766944,0.301778981,-0.272647965,156.0256434,186.9396855,2,150,50,0.945333333,0.397133333,0.077533333,0.028333333,0.010266667,0.002733333,0,0,0,0,0,0,0,0,0,0,0,0,0,0,0,0,0
CCS(=O)(=O)F,O=S(=O)(F)[N-]S(=O)(=O)F.[Li+],-0.436551152,-1.416764657,0.214396109,0.264903255,0.822737303,-0.411763662,-0.321363851,-0.052262235,-0.615221977,-0.539429212,-2.16657931,-0.415815516,-0.412779777,-0.289515906,1.09957985,0.128733297,-0.322338982,0.258766944,0.301778981,-0.272647965,111.9994286,186.9396855,1,150,50,0.942133333,0.665266667,0.494866667,0.3706,0.275,0.196533333,0.1368,0.0972,0.0702,0.048733333,0.035133333,0,0,0,0,0,0,0,0,0,0,0,0
CCS(=O)(=O)F,O=S(=O)(F)[N-]S(=O)(=O)F.[Li+],-0.436551152,-1.416764657,0.214396109,0.264903255,0.822737303,-0.411763662,-0.321363851,-0.052262235,-0.615221977,-0.539429212,-2.16657931,-0.415815516,-0.412779777,-0.289515906,1.09957985,0.128733297,-0.322338982,0.258766944,0.301778981,-0.272647965,111.9994286,186.9396855,2,150,50,0.950253267,0.830508867,0.7632422,0.715516133,0.6785888,0.648860667,0.623477067,0.604968067,0.585965533,0.5701712,0.555117267,0.538829333,0.522788267,0.5129168,0.503045333,0.493173867,0.48,0.473431,0.463559533,0.453688067,0.4438166,0,0
CCS(=O)(=O)F,O=S(=O)(F)[N-]S(=O)(=O)F.[Li+],-0.436551152,-1.416764657,0.214396109,0.264903255,0.822737303,-0.411763662,-0.321363851,-0.052262235,-0.615221977,-0.539429212,-2.16657931,-0.415815516,-0.412779777,-0.289515906,1.09957985,0.128733297,-0.322338982,0.258766944,0.301778981,-0.272647965,111.9994286,186.9396855,4,203,50,0.954679803,0.89635468,0.718571429,0.450295567,0.295320197,0.182167488,0.123842365,0.091773399,0.061034483,0.062807882,0,0,0,0,0,0,0,0,0,0,0,0,0
COCCOC,O=S(=O)(F)[N-]S(=O)(=O)F.[Li+],-0.845301314,-0.995150622,1.062719678,-0.357551944,-0.30871976,0.309455892,0.693324769,0.61307207,-0.780468556,-0.407587973,-2.16657931,-0.415815516,-0.412779777,-0.289515906,1.09957985,0.128733297,-0.322338982,0.258766944,0.301778981,-0.272647965,90.06807956,186.9396855,4,203,50,0.931970443,0.86773399,0.761182266,0.620788177,0,0,0,0,0,0,0,0,0,0,0,0,0,0,0,0,0,0,0
CN1C(C)(C)CCCC1(C)C,[Li+].[N-](S(=O)(=O)F)S(=O)(=O)F,1.154580859,-1.168029622,0.649902203,-0.116635784,0.382289815,-0.378234553,-0.667126386,1.046499388,0.420562708,-1.047499382,-2.16657931,-0.415815516,-0.412779777,-0.289515906,1.09957985,0.128733297,-0.322338982,0.258766944,0.301778981,-0.272647965,155.1673997,186.9396855,1,150,50,0,0,0,0,0,0,0,0,0,0,0,0,0,0,0,0,0,0,0,0,0,0,0
CC1(C)CCCC(C)(C)N1Cl,[Li+].[N-](S(=O)(=O)F)S(=O)(=O)F,0.955032634,-1.26424607,0.621732663,-0.341995602,0.374763363,-0.332263475,-0.804000256,0.733635071,0.479057213,-1.033858357,-2.16657931,-0.415815516,-0.412779777,-0.289515906,1.09957985,0.128733297,-0.322338982,0.258766944,0.301778981,-0.272647965,175.1127773,186.9396855,1,150,50,0,0,0,0,0,0,0,0,0,0,0,0,0,0,0,0,0,0,0,0,0,0,0
CN1CCCCC1,[Li+].[N-](S(=O)(=O)F)S(=O)(=O)F,1.389185153,-0.935875879,0.111029444,0.485330686,0.308117278,-0.724181092,0.398490902,0.687893646,-0.342577279,-0.959080834,-2.16657931,-0.415815516,-0.412779777,-0.289515906,1.09957985,0.128733297,-0.322338982,0.258766944,0.301778981,-0.272647965,99.10479942,186.9396855,1,150,50,0,0,0,0,0,0,0,0,0,0,0,0,0,0,0,0,0,0,0,0,0,0,0
CN1CCCCC1,[Li+].F[P-](F)(F)(F)(F)F,1.389185153,-0.935875879,0.111029444,0.485330686,0.308117278,-0.724181092,0.398490902,0.687893646,-0.342577279,-0.959080834,-2.371316852,-0.309856161,-0.8897859,-0.430759472,0.838348772,0.203689502,-0.160053499,0.195229563,0.319099024,-0.209425384,99.10479942,151.9801855,1,150,50,0,0,0,0,0,0,0,0,0,0,0,0,0,0,0,0,0,0,0,0,0,0,0
CN1CCCCC1,[Li+].O=C1O[B-](F)(F)OC1=O,1.389185153,-0.935875879,0.111029444,0.485330686,0.308117278,-0.724181092,0.398490902,0.687893646,-0.342577279,-0.959080834,-1.667608532,-0.618448488,-0.798955123,-0.287006982,0.737934385,-0.387958044,-0.076665854,0.008496047,0.16133813,0.109062661,99.10479942,144.0017749,1,150,50,0,0,0,0,0,0,0,0,0,0,0,0,0,0,0,0,0,0,0,0,0,0,0
CCN1CCCC1,[Li+].[N-](S(=O)(=O)F)S(=O)(=O)F,0.876501828,-1.07216772,-0.08196282,0.736596281,0.205999718,-0.486058556,0.263507963,0.37072666,0.175130808,-0.596035276,-2.16657931,-0.415815516,-0.412779777,-0.289515906,1.09957985,0.128733297,-0.322338982,0.258766944,0.301778981,-0.272647965,99.10479942,186.9396855,1,150,50,0,0,0,0,0,0,0,0,0,0,0,0,0,0,0,0,0,0,0,0,0,0,0
CCN1CCCC1,[Li+].F[P-](F)(F)(F)(F)F,0.876501828,-1.07216772,-0.08196282,0.736596281,0.205999718,-0.486058556,0.263507963,0.37072666,0.175130808,-0.596035276,-2.371316852,-0.309856161,-0.8897859,-0.430759472,0.838348772,0.203689502,-0.160053499,0.195229563,0.319099024,-0.209425384,99.10479942,151.9801855,1,150,50,0,0,0,0,0,0,0,0,0,0,0,0,0,0,0,0,0,0,0,0,0,0,0
CCN1CCCC1,[Li+].O=C1O[B-](F)(F)OC1=O,0.876501828,-1.07216772,-0.08196282,0.736596281,0.205999718,-0.486058556,0.263507963,0.37072666,0.175130808,-0.596035276,-1.667608532,-0.618448488,-0.798955123,-0.287006982,0.737934385,-0.387958044,-0.076665854,0.008496047,0.16133813,0.109062661,99.10479942,144.0017749,1,150,50,0,0,0,0,0,0,0,0,0,0,0,0,0,0,0,0,0,0,0,0,0,0,0
CC1(C(=O)Cl)CCCCC1,[Li+].[N-](S(=O)(=O)F)S(=O)(=O)F,0.578053638,-0.216590022,0.983575796,-0.309683071,0.916454188,-0.045955094,-1.378522327,0.302681818,0.322186762,-1.255211007,-2.16657931,-0.415815516,-0.412779777,-0.289515906,1.09957985,0.128733297,-0.322338982,0.258766944,0.301778981,-0.272647965,160.0654927,186.9396855,1,150,50,0,0,0,0,0,0,0,0,0,0,0,0,0,0,0,0,0,0,0,0,0,0,0
CC1(C(=O)Cl)CCCCC1,[Li+].F[P-](F)(F)(F)(F)F,0.578053638,-0.216590022,0.983575796,-0.309683071,0.916454188,-0.045955094,-1.378522327,0.302681818,0.322186762,-1.255211007,-2.371316852,-0.309856161,-0.8897859,-0.430759472,0.838348772,0.203689502,-0.160053499,0.195229563,0.319099024,-0.209425384,160.0654927,151.9801855,1,150,50,0,0,0,0,0,0,0,0,0,0,0,0,0,0,0,0,0,0,0,0,0,0,0
CC1(C(=O)Cl)CCCCC1,[Li+].O=C1O[B-](F)(F)OC1=O,0.578053638,-0.216590022,0.983575796,-0.309683071,0.916454188,-0.045955094,-1.378522327,0.302681818,0.322186762,-1.255211007,-1.667608532,-0.618448488,-0.798955123,-0.287006982,0.737934385,-0.387958044,-0.076665854,0.008496047,0.16133813,0.109062661,160.0654927,144.0017749,1,150,50,0,0,0,0,0,0,0,0,0,0,0,0,0,0,0,0,0,0,0,0,0,0,0
CC1(C)CCCC(=O)C1,[Li+].[N-](S(=O)(=O)F)S(=O)(=O)F,0.544320585,-0.787393789,0.681496222,-0.28969975,0.458623657,0.255900558,-0.920301392,0.736245307,0.100206845,-1.007396262,-2.16657931,-0.415815516,-0.412779777,-0.289515906,1.09957985,0.128733297,-0.322338982,0.258766944,0.301778981,-0.272647965,126.1044651,186.9396855,1,150,50,6.67E-05,6.67E-05,6.67E-05,0,0,0,0,0,0,0,0,0,0,0,0,0,0,0,0,0,0,0,0
CC1(C)CCCC(=O)C1,[Li+].[N-](S(=O)(=O)F)S(=O)(=O)F,0.544320585,-0.787393789,0.681496222,-0.28969975,0.458623657,0.255900558,-0.920301392,0.736245307,0.100206845,-1.007396262,-2.16657931,-0.415815516,-0.412779777,-0.289515906,1.09957985,0.128733297,-0.322338982,0.258766944,0.301778981,-0.272647965,126.1044651,186.9396855,1,203,50,9.85E-05,9.85E-05,9.85E-05,0,0,0,0,0,0,0,0,0,0,0,0,0,0,0,0,0,0,0,0
CC1(C)CCCC(=O)C1,[Li+].F[P-](F)(F)(F)(F)F,0.544320585,-0.787393789,0.681496222,-0.28969975,0.458623657,0.255900558,-0.920301392,0.736245307,0.100206845,-1.007396262,-2.371316852,-0.309856161,-0.8897859,-0.430759472,0.838348772,0.203689502,-0.160053499,0.195229563,0.319099024,-0.209425384,126.1044651,151.9801855,1,150,50,6.67E-05,6.67E-05,6.67E-05,0,0,0,0,0,0,0,0,0,0,0,0,0,0,0,0,0,0,0,0
CC1(C)CCCC(=O)C1,[Li+].O=C1O[B-](F)(F)OC1=O,0.544320585,-0.787393789,0.681496222,-0.28969975,0.458623657,0.255900558,-0.920301392,0.736245307,0.100206845,-1.007396262,-1.667608532,-0.618448488,-0.798955123,-0.287006982,0.737934385,-0.387958044,-0.076665854,0.008496047,0.16133813,0.109062661,126.1044651,144.0017749,1,150,50,6.67E-05,6.67E-05,6.67E-05,0,0,0,0,0,0,0,0,0,0,0,0,0,0,0,0,0,0,0,0
O=C1CC(=O)CC2(CCCC2)C1,[Li+].[N-](S(=O)(=O)F)S(=O)(=O)F,0.771487963,-1.039048207,0.946017047,-0.178268793,0.757423484,-0.206797922,-1.220774166,0.577555254,-0.129237541,-1.193202917,-2.16657931,-0.415815516,-0.412779777,-0.289515906,1.09957985,0.128733297,-0.322338982,0.258766944,0.301778981,-0.272647965,166.0993797,186.9396855,1,150,50,0,0,0,0,0,0,0,0,0,0,0,0,0,0,0,0,0,0,0,0,0,0,0
O=C1CC(=O)CC2(CCCC2)C1,[Li+].F[P-](F)(F)(F)(F)F,0.771487963,-1.039048207,0.946017047,-0.178268793,0.757423484,-0.206797922,-1.220774166,0.577555254,-0.129237541,-1.193202917,-2.371316852,-0.309856161,-0.8897859,-0.430759472,0.838348772,0.203689502,-0.160053499,0.195229563,0.319099024,-0.209425384,166.0993797,151.9801855,1,150,50,0,0,0,0,0,0,0,0,0,0,0,0,0,0,0,0,0,0,0,0,0,0,0
O=C1CC(=O)CC2(CCCC2)C1,[Li+].O=C1O[B-](F)(F)OC1=O,0.771487963,-1.039048207,0.946017047,-0.178268793,0.757423484,-0.206797922,-1.220774166,0.577555254,-0.129237541,-1.193202917,-1.667608532,-0.618448488,-0.798955123,-0.287006982,0.737934385,-0.387958044,-0.076665854,0.008496047,0.16133813,0.109062661,166.0993797,144.0017749,1,150,50,0,0,0,0,0,0,0,0,0,0,0,0,0,0,0,0,0,0,0,0,0,0,0
COC(=O)C1(C)CCCC1,[Li+].[N-](S(=O)(=O)F)S(=O)(=O)F,0.048042953,0.285709083,1.726344181,-0.579637896,0.17588432,0.241913778,-0.991960373,0.65799963,0.769220281,-1.00462969,-2.16657931,-0.415815516,-0.412779777,-0.289515906,1.09957985,0.128733297,-0.322338982,0.258766944,0.301778981,-0.272647965,142.0993797,186.9396855,1,150,50,0.001066667,0.001066667,0.001066667,0,0,0,0,0,0,0,0,0,0,0,0,0,0,0,0,0,0,0,0
COC(=O)C1(C)CCCC1,[Li+].[N-](S(=O)(=O)F)S(=O)(=O)F,0.048042953,0.285709083,1.726344181,-0.579637896,0.17588432,0.241913778,-0.991960373,0.65799963,0.769220281,-1.00462969,-2.16657931,-0.415815516,-0.412779777,-0.289515906,1.09957985,0.128733297,-0.322338982,0.258766944,0.301778981,-0.272647965,142.0993797,186.9396855,1,203,50,0.000123153,0.000123153,0.000123153,0,0,0,0,0,0,0,0,0,0,0,0,0,0,0,0,0,0,0,0
COC(=O)C1(C)CCCC1,[Li+].F[P-](F)(F)(F)(F)F,0.048042953,0.285709083,1.726344181,-0.579637896,0.17588432,0.241913778,-0.991960373,0.65799963,0.769220281,-1.00462969,-2.371316852,-0.309856161,-0.8897859,-0.430759472,0.838348772,0.203689502,-0.160053499,0.195229563,0.319099024,-0.209425384,142.0993797,151.9801855,1,150,50,0.001066667,0.001066667,0.001066667,0,0,0,0,0,0,0,0,0,0,0,0,0,0,0,0,0,0,0,0
COC(=O)C1(C)CCCC1,[Li+].O=C1O[B-](F)(F)OC1=O,0.048042953,0.285709083,1.726344181,-0.579637896,0.17588432,0.241913778,-0.991960373,0.65799963,0.769220281,-1.00462969,-1.667608532,-0.618448488,-0.798955123,-0.287006982,0.737934385,-0.387958044,-0.076665854,0.008496047,0.16133813,0.109062661,142.0993797,144.0017749,1,150,50,0.001066667,0.001066667,0.001066667,0,0,0,0,0,0,0,0,0,0,0,0,0,0,0,0,0,0,0,0
FC1(F)CCCCC1Cl,[Li+].[N-](S(=O)(=O)F)S(=O)(=O)F,1.447439595,-1.230973013,0.492615834,-0.724458698,0.302936468,0.288999549,-0.715426706,-0.300911125,0.172510849,-1.202537415,-2.16657931,-0.415815516,-0.412779777,-0.289515906,1.09957985,0.128733297,-0.322338982,0.258766944,0.301778981,-0.272647965,154.0360844,186.9396855,1,150,50,0,0,0,0,0,0,0,0,0,0,0,0,0,0,0,0,0,0,0,0,0,0,0
FC1(F)CCCCC1Cl,[Li+].F[P-](F)(F)(F)(F)F,1.447439595,-1.230973013,0.492615834,-0.724458698,0.302936468,0.288999549,-0.715426706,-0.300911125,0.172510849,-1.202537415,-2.371316852,-0.309856161,-0.8897859,-0.430759472,0.838348772,0.203689502,-0.160053499,0.195229563,0.319099024,-0.209425384,154.0360844,151.9801855,1,150,50,0,0,0,0,0,0,0,0,0,0,0,0,0,0,0,0,0,0,0,0,0,0,0
FC1(F)CCCCC1Cl,[Li+].O=C1O[B-](F)(F)OC1=O,1.447439595,-1.230973013,0.492615834,-0.724458698,0.302936468,0.288999549,-0.715426706,-0.300911125,0.172510849,-1.202537415,-1.667608532,-0.618448488,-0.798955123,-0.287006982,0.737934385,-0.387958044,-0.076665854,0.008496047,0.16133813,0.109062661,154.0360844,144.0017749,1,150,50,0,0,0,0,0,0,0,0,0,0,0,0,0,0,0,0,0,0,0,0,0,0,0
FC1(F)CCCCC1,[Li+].[N-](S(=O)(=O)F)S(=O)(=O)F,0.680280671,-1.383992411,0.402121338,-0.76992404,0.378533758,-0.445670233,-0.916712225,0.326252158,0.432195254,-1.323779456,-2.16657931,-0.415815516,-0.412779777,-0.289515906,1.09957985,0.128733297,-0.322338982,0.258766944,0.301778981,-0.272647965,120.0750568,186.9396855,1,150,50,0,0,0,0,0,0,0,0,0,0,0,0,0,0,0,0,0,0,0,0,0,0,0
FC1(F)CCCCC1,[Li+].F[P-](F)(F)(F)(F)F,0.680280671,-1.383992411,0.402121338,-0.76992404,0.378533758,-0.445670233,-0.916712225,0.326252158,0.432195254,-1.323779456,-2.371316852,-0.309856161,-0.8897859,-0.430759472,0.838348772,0.203689502,-0.160053499,0.195229563,0.319099024,-0.209425384,120.0750568,151.9801855,1,150,50,0,0,0,0,0,0,0,0,0,0,0,0,0,0,0,0,0,0,0,0,0,0,0
FC1(F)CCCCC1,[Li+].O=C1O[B-](F)(F)OC1=O,0.680280671,-1.383992411,0.402121338,-0.76992404,0.378533758,-0.445670233,-0.916712225,0.326252158,0.432195254,-1.323779456,-1.667608532,-0.618448488,-0.798955123,-0.287006982,0.737934385,-0.387958044,-0.076665854,0.008496047,0.16133813,0.109062661,120.0750568,144.0017749,1,150,50,0,0,0,0,0,0,0,0,0,0,0,0,0,0,0,0,0,0,0,0,0,0,0
FC1(F)CCCCCC1,[Li+].[N-](S(=O)(=O)F)S(=O)(=O)F,0.680280671,-1.383992411,0.402121338,-0.76992404,0.378533758,-0.445670233,-0.916712225,0.326252158,0.432195254,-1.323779456,-2.16657931,-0.415815516,-0.412779777,-0.289515906,1.09957985,0.128733297,-0.322338982,0.258766944,0.301778981,-0.272647965,134.0907068,186.9396855,1,150,50,0,0,0,0,0,0,0,0,0,0,0,0,0,0,0,0,0,0,0,0,0,0,0
FC1(F)CCCCCC1,[Li+].F[P-](F)(F)(F)(F)F,0.680280671,-1.383992411,0.402121338,-0.76992404,0.378533758,-0.445670233,-0.916712225,0.326252158,0.432195254,-1.323779456,-2.371316852,-0.309856161,-0.8897859,-0.430759472,0.838348772,0.203689502,-0.160053499,0.195229563,0.319099024,-0.209425384,134.0907068,151.9801855,1,150,50,0,0,0,0,0,0,0,0,0,0,0,0,0,0,0,0,0,0,0,0,0,0,0
FC1(F)CCCCCC1,[Li+].O=C1O[B-](F)(F)OC1=O,0.680280671,-1.383992411,0.402121338,-0.76992404,0.378533758,-0.445670233,-0.916712225,0.326252158,0.432195254,-1.323779456,-1.667608532,-0.618448488,-0.798955123,-0.287006982,0.737934385,-0.387958044,-0.076665854,0.008496047,0.16133813,0.109062661,134.0907068,144.0017749,1,150,50,0,0,0,0,0,0,0,0,0,0,0,0,0,0,0,0,0,0,0,0,0,0,0
CC1(C)CCCCC1,[Li+].[N-](S(=O)(=O)F)S(=O)(=O)F,1.006540575,-1.325178226,0.425723471,-0.443286153,0.298218658,0.452950075,-0.998666185,0.231132782,0.447462309,-1.341981685,-2.16657931,-0.415815516,-0.412779777,-0.289515906,1.09957985,0.128733297,-0.322338982,0.258766944,0.301778981,-0.272647965,112.1252005,186.9396855,1,150,50,0,0,0,0,0,0,0,0,0,0,0,0,0,0,0,0,0,0,0,0,0,0,0
CC1(C)CCCCC1,[Li+].F[P-](F)(F)(F)(F)F,1.006540575,-1.325178226,0.425723471,-0.443286153,0.298218658,0.452950075,-0.998666185,0.231132782,0.447462309,-1.341981685,-2.371316852,-0.309856161,-0.8897859,-0.430759472,0.838348772,0.203689502,-0.160053499,0.195229563,0.319099024,-0.209425384,112.1252005,151.9801855,1,150,50,0,0,0,0,0,0,0,0,0,0,0,0,0,0,0,0,0,0,0,0,0,0,0
CC1(C)CCCCC1,[Li+].O=C1O[B-](F)(F)OC1=O,1.006540575,-1.325178226,0.425723471,-0.443286153,0.298218658,0.452950075,-0.998666185,0.231132782,0.447462309,-1.341981685,-1.667608532,-0.618448488,-0.798955123,-0.287006982,0.737934385,-0.387958044,-0.076665854,0.008496047,0.16133813,0.109062661,112.1252005,144.0017749,1,150,50,0,0,0,0,0,0,0,0,0,0,0,0,0,0,0,0,0,0,0,0,0,0,0
CC1(Cl)CCCCC1,[Li+].[N-](S(=O)(=O)F)S(=O)(=O)F,0.737807059,-1.41218596,0.505231795,-0.561888446,0.444366744,0.068358571,-1.010923568,0.569774902,0.533010227,-1.274821056,-2.16657931,-0.415815516,-0.412779777,-0.289515906,1.09957985,0.128733297,-0.322338982,0.258766944,0.301778981,-0.272647965,132.0705781,186.9396855,1,150,50,0,0,0,0,0,0,0,0,0,0,0,0,0,0,0,0,0,0,0,0,0,0,0
CC1(Cl)CCCCC1,[Li+].F[P-](F)(F)(F)(F)F,0.737807059,-1.41218596,0.505231795,-0.561888446,0.444366744,0.068358571,-1.010923568,0.569774902,0.533010227,-1.274821056,-2.371316852,-0.309856161,-0.8897859,-0.430759472,0.838348772,0.203689502,-0.160053499,0.195229563,0.319099024,-0.209425384,132.0705781,151.9801855,1,150,50,0,0,0,0,0,0,0,0,0,0,0,0,0,0,0,0,0,0,0,0,0,0,0
CC1(Cl)CCCCC1,[Li+].O=C1O[B-](F)(F)OC1=O,0.737807059,-1.41218596,0.505231795,-0.561888446,0.444366744,0.068358571,-1.010923568,0.569774902,0.533010227,-1.274821056,-1.667608532,-0.618448488,-0.798955123,-0.287006982,0.737934385,-0.387958044,-0.076665854,0.008496047,0.16133813,0.109062661,132.0705781,144.0017749,1,150,50,0,0,0,0,0,0,0,0,0,0,0,0,0,0,0,0,0,0,0,0,0,0,0
ClC1(Cl)CCCC1,[Li+].[N-](S(=O)(=O)F)S(=O)(=O)F,0.696267099,-1.429634396,0.575233012,-0.595873418,0.518935347,-0.141127782,-0.932757128,0.46387917,0.224611797,-1.119394574,-2.16657931,-0.415815516,-0.412779777,-0.289515906,1.09957985,0.128733297,-0.322338982,0.258766944,0.301778981,-0.272647965,138.0003056,186.9396855,1,150,50,0,0,0,0,0,0,0,0,0,0,0,0,0,0,0,0,0,0,0,0,0,0,0
ClC1(Cl)CCCC1,[Li+].F[P-](F)(F)(F)(F)F,0.696267099,-1.429634396,0.575233012,-0.595873418,0.518935347,-0.141127782,-0.932757128,0.46387917,0.224611797,-1.119394574,-2.371316852,-0.309856161,-0.8897859,-0.430759472,0.838348772,0.203689502,-0.160053499,0.195229563,0.319099024,-0.209425384,138.0003056,151.9801855,1,150,50,0,0,0,0,0,0,0,0,0,0,0,0,0,0,0,0,0,0,0,0,0,0,0
ClC1(Cl)CCCC1,[Li+].O=C1O[B-](F)(F)OC1=O,0.696267099,-1.429634396,0.575233012,-0.595873418,0.518935347,-0.141127782,-0.932757128,0.46387917,0.224611797,-1.119394574,-1.667608532,-0.618448488,-0.798955123,-0.287006982,0.737934385,-0.387958044,-0.076665854,0.008496047,0.16133813,0.109062661,138.0003056,144.0017749,1,150,50,0,0,0,0,0,0,0,0,0,0,0,0,0,0,0,0,0,0,0,0,0,0,0
COC(OC)C(F)(F)F,[Li+].[N-](S(=O)(=O)F)S(=O)(=O)F,-0.763499013,-1.479645119,0.935297717,-0.813958386,0.157691289,-0.724050496,0.577195118,-0.183906975,-0.090010121,-0.34550722,-2.16657931,-0.415815516,-0.412779777,-0.289515906,1.09957985,0.128733297,-0.322338982,0.258766944,0.301778981,-0.272647965,144.0398141,186.9396855,1,150,50,0,0,0,0,0,0,0,0,0,0,0,0,0,0,0,0,0,0,0,0,0,0,0
COC(OC)C(F)(F)F,[Li+].F[P-](F)(F)(F)(F)F,-0.763499013,-1.479645119,0.935297717,-0.813958386,0.157691289,-0.724050496,0.577195118,-0.183906975,-0.090010121,-0.34550722,-2.371316852,-0.309856161,-0.8897859,-0.430759472,0.838348772,0.203689502,-0.160053499,0.195229563,0.319099024,-0.209425384,144.0398141,151.9801855,1,150,50,0,0,0,0,0,0,0,0,0,0,0,0,0,0,0,0,0,0,0,0,0,0,0
COC(OC)C(F)(F)F,[Li+].O=C1O[B-](F)(F)OC1=O,-0.763499013,-1.479645119,0.935297717,-0.813958386,0.157691289,-0.724050496,0.577195118,-0.183906975,-0.090010121,-0.34550722,-1.667608532,-0.618448488,-0.798955123,-0.287006982,0.737934385,-0.387958044,-0.076665854,0.008496047,0.16133813,0.109062661,144.0398141,144.0017749,1,150,50,0,0,0,0,0,0,0,0,0,0,0,0,0,0,0,0,0,0,0,0,0,0,0
COCC(F)(F)C(F)F,[Li+].[N-](S(=O)(=O)F)S(=O)(=O)F,-0.900533223,-1.482508155,0.838778968,-0.836133379,0.037687113,-0.440201697,0.923086821,0.022392412,-0.062370953,-0.277913267,-2.16657931,-0.415815516,-0.412779777,-0.289515906,1.09957985,0.128733297,-0.322338982,0.258766944,0.301778981,-0.272647965,146.0354777,186.9396855,1,150,50,0,0,0,0,0,0,0,0,0,0,0,0,0,0,0,0,0,0,0,0,0,0,0
COCC(F)(F)C(F)F,[Li+].F[P-](F)(F)(F)(F)F,-0.900533223,-1.482508155,0.838778968,-0.836133379,0.037687113,-0.440201697,0.923086821,0.022392412,-0.062370953,-0.277913267,-2.371316852,-0.309856161,-0.8897859,-0.430759472,0.838348772,0.203689502,-0.160053499,0.195229563,0.319099024,-0.209425384,146.0354777,151.9801855,1,150,50,0,0,0,0,0,0,0,0,0,0,0,0,0,0,0,0,0,0,0,0,0,0,0
COCC(F)(F)C(F)F,[Li+].O=C1O[B-](F)(F)OC1=O,-0.900533223,-1.482508155,0.838778968,-0.836133379,0.037687113,-0.440201697,0.923086821,0.022392412,-0.062370953,-0.277913267,-1.667608532,-0.618448488,-0.798955123,-0.287006982,0.737934385,-0.387958044,-0.076665854,0.008496047,0.16133813,0.109062661,146.0354777,144.0017749,1,150,50,0,0,0,0,0,0,0,0,0,0,0,0,0,0,0,0,0,0,0,0,0,0,0
COC(CC(F)(F)F)OC,[Li+].[N-](S(=O)(=O)F)S(=O)(=O)F,-0.874615645,-1.416076751,0.733659966,-0.734610708,0.144525357,-0.58925053,0.707574725,-0.029228618,0.073187916,-0.270348207,-2.16657931,-0.415815516,-0.412779777,-0.289515906,1.09957985,0.128733297,-0.322338982,0.258766944,0.301778981,-0.272647965,158.0554642,186.9396855,1,150,50,0.37510596,0.37510596,0.37510596,0,0,0,0,0,0,0,0,0,0,0,0,0,0,0,0,0,0,0,0
COCCC(C)(OC)OC,[Li+].[N-](S(=O)(=O)F)S(=O)(=O)F,-0.898381183,-1.467829442,1.086570459,-0.709556123,0.226229008,0.227358945,1.573874667,0.327258317,-0.089751219,-0.204550589,-2.16657931,-0.415815516,-0.412779777,-0.289515906,1.09957985,0.128733297,-0.322338982,0.258766944,0.301778981,-0.272647965,148.1099444,186.9396855,1,150,50,6.67E-06,6.67E-06,6.67E-06,0,0,0,0,0,0,0,0,0,0,0,0,0,0,0,0,0,0,0,0
COCC(C)OC,[Li+].[N-](S(=O)(=O)F)S(=O)(=O)F,-1.094893947,-1.404056194,0.585391049,-0.764865229,-1.12770827,-0.580104181,0.501909091,0.331474635,-0.412697927,-0.318497454,-2.16657931,-0.415815516,-0.412779777,-0.289515906,1.09957985,0.128733297,-0.322338982,0.258766944,0.301778981,-0.272647965,104.0837296,186.9396855,1,150,50,6.67E-06,6.67E-06,6.67E-06,0,0,0,0,0,0,0,0,0,0,0,0,0,0,0,0,0,0,0,0
COCC(C)OC,[Li+].F[P-](F)(F)(F)(F)F,-1.094893947,-1.404056194,0.585391049,-0.764865229,-1.12770827,-0.580104181,0.501909091,0.331474635,-0.412697927,-0.318497454,-2.371316852,-0.309856161,-0.8897859,-0.430759472,0.838348772,0.203689502,-0.160053499,0.195229563,0.319099024,-0.209425384,104.0837296,151.9801855,1,150,50,6.67E-06,6.67E-06,6.67E-06,0,0,0,0,0,0,0,0,0,0,0,0,0,0,0,0,0,0,0,0
COCC(C)OC,[Li+].O=C1O[B-](F)(F)OC1=O,-1.094893947,-1.404056194,0.585391049,-0.764865229,-1.12770827,-0.580104181,0.501909091,0.331474635,-0.412697927,-0.318497454,-1.667608532,-0.618448488,-0.798955123,-0.287006982,0.737934385,-0.387958044,-0.076665854,0.008496047,0.16133813,0.109062661,104.0837296,144.0017749,1,150,50,6.67E-06,6.67E-06,6.67E-06,0,0,0,0,0,0,0,0,0,0,0,0,0,0,0,0,0,0,0,0
CO[Si](CCC(F)(F)C(F)(F)C(F)(F)F)(OC)OC,[Li+].[N-](S(=O)(=O)F)S(=O)(=O)F,-0.693253119,-1.413397907,1.016682334,-0.620583738,0.391537374,-0.151953464,0.987993883,0.129135385,-0.188265883,-0.323886142,-2.16657931,-0.415815516,-0.412779777,-0.289515906,1.09957985,0.128733297,-0.322338982,0.258766944,0.301778981,-0.272647965,318.0522183,186.9396855,1,150,50,0.01,0.01,0.01,0,0,0,0,0,0,0,0,0,0,0,0,0,0,0,0,0,0,0,0
COCCOCOCC(F)(F)F,[Li+].[N-](S(=O)(=O)F)S(=O)(=O)F,-1.0017922,-1.010354169,1.017560113,-0.622212424,0.273032569,0.35488101,1.350128201,0.349804796,-0.612392939,-0.443797179,-2.16657931,-0.415815516,-0.412779777,-0.289515906,1.09957985,0.128733297,-0.322338982,0.258766944,0.301778981,-0.272647965,188.0660289,186.9396855,1,150,50,0.039613333,0.039613333,0.039613333,0,0,0,0,0,0,0,0,0,0,0,0,0,0,0,0,0,0,0,0
COC(CCl)OC,[Li+].[N-](S(=O)(=O)F)S(=O)(=O)F,-0.790618342,-1.433227757,0.680857868,-0.562792936,-0.39428374,-0.470132252,0.132725061,0.107643916,-0.333555437,-0.324076086,-2.16657931,-0.415815516,-0.412779777,-0.289515906,1.09957985,0.128733297,-0.322338982,0.258766944,0.301778981,-0.272647965,124.0291072,186.9396855,1,150,50,0,0,0,0,0,0,0,0,0,0,0,0,0,0,0,0,0,0,0,0,0,0,0
COC(CCl)OC,[Li+].F[P-](F)(F)(F)(F)F,-0.790618342,-1.433227757,0.680857868,-0.562792936,-0.39428374,-0.470132252,0.132725061,0.107643916,-0.333555437,-0.324076086,-2.371316852,-0.309856161,-0.8897859,-0.430759472,0.838348772,0.203689502,-0.160053499,0.195229563,0.319099024,-0.209425384,124.0291072,151.9801855,1,150,50,0,0,0,0,0,0,0,0,0,0,0,0,0,0,0,0,0,0,0,0,0,0,0
COC(CCl)OC,[Li+].O=C1O[B-](F)(F)OC1=O,-0.790618342,-1.433227757,0.680857868,-0.562792936,-0.39428374,-0.470132252,0.132725061,0.107643916,-0.333555437,-0.324076086,-1.667608532,-0.618448488,-0.798955123,-0.287006982,0.737934385,-0.387958044,-0.076665854,0.008496047,0.16133813,0.109062661,124.0291072,144.0017749,1,150,50,0,0,0,0,0,0,0,0,0,0,0,0,0,0,0,0,0,0,0,0,0,0,0
COC(F)(F)C(F)Cl,[Li+].[N-](S(=O)(=O)F)S(=O)(=O)F,-0.743405888,-1.487899894,0.912048248,-0.821154541,0.293528942,-0.651771739,0.598412816,-0.220785879,-0.090746766,-0.328343185,-2.16657931,-0.415815516,-0.412779777,-0.289515906,1.09957985,0.128733297,-0.322338982,0.258766944,0.301778981,-0.272647965,147.9902771,186.9396855,1,150,50,0,0,0,0,0,0,0,0,0,0,0,0,0,0,0,0,0,0,0,0,0,0,0
COC(F)(F)C(F)Cl,[Li+].F[P-](F)(F)(F)(F)F,-0.743405888,-1.487899894,0.912048248,-0.821154541,0.293528942,-0.651771739,0.598412816,-0.220785879,-0.090746766,-0.328343185,-2.371316852,-0.309856161,-0.8897859,-0.430759472,0.838348772,0.203689502,-0.160053499,0.195229563,0.319099024,-0.209425384,147.9902771,151.9801855,1,150,50,0,0,0,0,0,0,0,0,0,0,0,0,0,0,0,0,0,0,0,0,0,0,0
COC(F)(F)C(F)Cl,[Li+].O=C1O[B-](F)(F)OC1=O,-0.743405888,-1.487899894,0.912048248,-0.821154541,0.293528942,-0.651771739,0.598412816,-0.220785879,-0.090746766,-0.328343185,-1.667608532,-0.618448488,-0.798955123,-0.287006982,0.737934385,-0.387958044,-0.076665854,0.008496047,0.16133813,0.109062661,147.9902771,144.0017749,1,150,50,0,0,0,0,0,0,0,0,0,0,0,0,0,0,0,0,0,0,0,0,0,0,0
COC(C)CC(OC)OC,[Li+].[N-](S(=O)(=O)F)S(=O)(=O)F,-0.908122595,-1.333407723,0.482503447,-0.688417645,-0.753604664,-0.895699857,0.057640643,0.022552019,-0.14953952,-0.290208308,-2.16657931,-0.415815516,-0.412779777,-0.289515906,1.09957985,0.128733297,-0.322338982,0.258766944,0.301778981,-0.272647965,148.1099444,186.9396855,1,150,50,0.0006,0.0006,0.0006,0,0,0,0,0,0,0,0,0,0,0,0,0,0,0,0,0,0,0,0
COC(C)CC(OC)OC,[Li+].F[P-](F)(F)(F)(F)F,-0.908122595,-1.333407723,0.482503447,-0.688417645,-0.753604664,-0.895699857,0.057640643,0.022552019,-0.14953952,-0.290208308,-2.371316852,-0.309856161,-0.8897859,-0.430759472,0.838348772,0.203689502,-0.160053499,0.195229563,0.319099024,-0.209425384,148.1099444,151.9801855,1,150,50,0.0006,0.0006,0.0006,0,0,0,0,0,0,0,0,0,0,0,0,0,0,0,0,0,0,0,0
COC(C)CC(OC)OC,[Li+].O=C1O[B-](F)(F)OC1=O,-0.908122595,-1.333407723,0.482503447,-0.688417645,-0.753604664,-0.895699857,0.057640643,0.022552019,-0.14953952,-0.290208308,-1.667608532,-0.618448488,-0.798955123,-0.287006982,0.737934385,-0.387958044,-0.076665854,0.008496047,0.16133813,0.109062661,148.1099444,144.0017749,1,150,50,0.0006,0.0006,0.0006,0,0,0,0,0,0,0,0,0,0,0,0,0,0,0,0,0,0,0,0
CCCOC,[Li+].[N-](S(=O)(=O)F)S(=O)(=O)F,-0.937292417,-1.613543874,0.672440676,0.163122555,-0.543020152,0.617387113,0.624448731,0.415480898,-0.270824242,-0.246220365,-2.16657931,-0.415815516,-0.412779777,-0.289515906,1.09957985,0.128733297,-0.322338982,0.258766944,0.301778981,-0.272647965,74.07316494,186.9396855,1,150,50,0.451913333,0.451913333,0.451913333,0,0,0,0,0,0,0,0,0,0,0,0,0,0,0,0,0,0,0,0
COCCOCCOCC(F)(F)C(F)F,[Li+].[N-](S(=O)(=O)F)S(=O)(=O)F,-1.190544702,-1.129055644,1.030187241,-0.66846516,-0.151807882,-0.097468222,1.281233276,0.277076031,-0.442167022,-0.403692158,-2.16657931,-0.415815516,-0.412779777,-0.289515906,1.09957985,0.128733297,-0.322338982,0.258766944,0.301778981,-0.272647965,234.0879072,186.9396855,1,150,50,0.549596667,0.549596667,0.549596667,0,0,0,0,0,0,0,0,0,0,0,0,0,0,0,0,0,0,0,0
CCCCOCCOCCOCCOC,[Li+].[N-](S(=O)(=O)F)S(=O)(=O)F,-1.067892401,-1.253528912,0.602356639,0.775133942,-0.714363578,1.295648251,0.646532478,0.057885571,-0.297491097,-0.275587927,-2.16657931,-0.415815516,-0.412779777,-0.289515906,1.09957985,0.128733297,-0.322338982,0.258766944,0.301778981,-0.272647965,220.1674592,186.9396855,1,150,50,0.249266667,0.249266667,0.249266667,0,0,0,0,0,0,0,0,0,0,0,0,0,0,0,0,0,0,0,0
CCCCCCOC,[Li+].[N-](S(=O)(=O)F)S(=O)(=O)F,-1.308256378,-1.86306934,0.558941024,1.032227763,-0.733941425,1.279643633,0.535022646,0.339326424,-0.131248102,-0.220571929,-2.16657931,-0.415815516,-0.412779777,-0.289515906,1.09957985,0.128733297,-0.322338982,0.258766944,0.301778981,-0.272647965,116.1201151,186.9396855,1,150,50,0.53654,0.53654,0.53654,0,0,0,0,0,0,0,0,0,0,0,0,0,0,0,0,0,0,0,0
CCOC(=O)CN(C)CCOC,[Li+].[N-](S(=O)(=O)F)S(=O)(=O)F,-1.61837021,0.619338139,0.080507021,0.000244071,0.093421264,0.996731158,0.388904876,0.90169292,-0.710794021,-0.258546302,-2.16657931,-0.415815516,-0.412779777,-0.289515906,1.09957985,0.128733297,-0.322338982,0.258766944,0.301778981,-0.272647965,175.1208434,186.9396855,1,150,50,0.000008,0.000008,0.000008,0,0,0,0,0,0,0,0,0,0,0,0,0,0,0,0,0,0,0,0
COCCN(C)C,[Li+].[N-](S(=O)(=O)F)S(=O)(=O)F,-0.910508327,-0.897028221,-0.30399985,-0.934742084,-0.208599166,0.859588877,0.955881621,1.288009264,-0.947539888,-0.321983042,-2.16657931,-0.415815516,-0.412779777,-0.289515906,1.09957985,0.128733297,-0.322338982,0.258766944,0.301778981,-0.272647965,103.099714,186.9396855,1,150,50,6.67E-06,6.67E-06,6.67E-06,0,0,0,0,0,0,0,0,0,0,0,0,0,0,0,0,0,0,0,0
COCCN(C)C,[Li+].O=C1O[B-](F)(F)OC1=O,-0.910508327,-0.897028221,-0.30399985,-0.934742084,-0.208599166,0.859588877,0.955881621,1.288009264,-0.947539888,-0.321983042,-1.667608532,-0.618448488,-0.798955123,-0.287006982,0.737934385,-0.387958044,-0.076665854,0.008496047,0.16133813,0.109062661,103.099714,144.0017749,1,150,50,6.67E-06,6.67E-06,6.67E-06,0,0,0,0,0,0,0,0,0,0,0,0,0,0,0,0,0,0,0,0
CCOCCCl,[Li+].[N-](S(=O)(=O)F)S(=O)(=O)F,-0.761119906,-1.609597838,0.396422982,0.137856288,0.181539763,0.20565827,0.102160945,0.166660629,-0.556469244,-0.407241446,-2.16657931,-0.415815516,-0.412779777,-0.289515906,1.09957985,0.128733297,-0.322338982,0.258766944,0.301778981,-0.272647965,108.0341926,186.9396855,1,150,50,0,0,0,0,0,0,0,0,0,0,0,0,0,0,0,0,0,0,0,0,0,0,0
CCOCCCl,[Li+].F[P-](F)(F)(F)(F)F,-0.761119906,-1.609597838,0.396422982,0.137856288,0.181539763,0.20565827,0.102160945,0.166660629,-0.556469244,-0.407241446,-2.371316852,-0.309856161,-0.8897859,-0.430759472,0.838348772,0.203689502,-0.160053499,0.195229563,0.319099024,-0.209425384,108.0341926,151.9801855,1,150,50,0,0,0,0,0,0,0,0,0,0,0,0,0,0,0,0,0,0,0,0,0,0,0
CCOCCCl,[Li+].O=C1O[B-](F)(F)OC1=O,-0.761119906,-1.609597838,0.396422982,0.137856288,0.181539763,0.20565827,0.102160945,0.166660629,-0.556469244,-0.407241446,-1.667608532,-0.618448488,-0.798955123,-0.287006982,0.737934385,-0.387958044,-0.076665854,0.008496047,0.16133813,0.109062661,108.0341926,144.0017749,1,150,50,0,0,0,0,0,0,0,0,0,0,0,0,0,0,0,0,0,0,0,0,0,0,0
COCCN(C)S(C)(=O)=O,[Li+].[N-](S(=O)(=O)F)S(=O)(=O)F,-0.997594115,-0.587528505,-0.084673376,-0.76600535,-0.003628743,0.705357126,0.825029943,1.169960093,-1.325942591,-0.5435447,-2.16657931,-0.415815516,-0.412779777,-0.289515906,1.09957985,0.128733297,-0.322338982,0.258766944,0.301778981,-0.272647965,167.0616143,186.9396855,1,150,50,0,0,0,0,0,0,0,0,0,0,0,0,0,0,0,0,0,0,0,0,0,0,0
CCCCCCOC=O,[Li+].[N-](S(=O)(=O)F)S(=O)(=O)F,-1.151046687,-1.634687584,0.371757959,1.37536911,0.072907098,0.806028687,-0.248370629,-0.164915749,-0.105198637,-0.269555204,-2.16657931,-0.415815516,-0.412779777,-0.289515906,1.09957985,0.128733297,-0.322338982,0.258766944,0.301778981,-0.272647965,130.0993797,186.9396855,1,150,50,0.0001,0.0001,0.0001,0,0,0,0,0,0,0,0,0,0,0,0,0,0,0,0,0,0,0,0
CCCCCCOC=O,[Li+].F[P-](F)(F)(F)(F)F,-1.151046687,-1.634687584,0.371757959,1.37536911,0.072907098,0.806028687,-0.248370629,-0.164915749,-0.105198637,-0.269555204,-2.371316852,-0.309856161,-0.8897859,-0.430759472,0.838348772,0.203689502,-0.160053499,0.195229563,0.319099024,-0.209425384,130.0993797,151.9801855,1,150,50,0.0001,0.0001,0.0001,0,0,0,0,0,0,0,0,0,0,0,0,0,0,0,0,0,0,0,0
CCCCCCOC=O,[Li+].O=C1O[B-](F)(F)OC1=O,-1.151046687,-1.634687584,0.371757959,1.37536911,0.072907098,0.806028687,-0.248370629,-0.164915749,-0.105198637,-0.269555204,-1.667608532,-0.618448488,-0.798955123,-0.287006982,0.737934385,-0.387958044,-0.076665854,0.008496047,0.16133813,0.109062661,130.0993797,144.0017749,1,150,50,0.0001,0.0001,0.0001,0,0,0,0,0,0,0,0,0,0,0,0,0,0,0,0,0,0,0,0
CCCCCCOS(C)(=O)=O,[Li+].[N-](S(=O)(=O)F)S(=O)(=O)F,-1.18530929,-1.63903112,0.285151831,1.403112874,0.107494313,0.794562458,-0.189131354,-0.101360417,-0.315140081,-0.400167341,-2.16657931,-0.415815516,-0.412779777,-0.289515906,1.09957985,0.128733297,-0.322338982,0.258766944,0.301778981,-0.272647965,180.0820154,186.9396855,1,150,50,0.003003333,0.003003333,0.003003333,0,0,0,0,0,0,0,0,0,0,0,0,0,0,0,0,0,0,0,0
CCCCCCOS(C)(=O)=O,[Li+].F[P-](F)(F)(F)(F)F,-1.18530929,-1.63903112,0.285151831,1.403112874,0.107494313,0.794562458,-0.189131354,-0.101360417,-0.315140081,-0.400167341,-2.371316852,-0.309856161,-0.8897859,-0.430759472,0.838348772,0.203689502,-0.160053499,0.195229563,0.319099024,-0.209425384,180.0820154,151.9801855,1,150,50,0.003003333,0.003003333,0.003003333,0,0,0,0,0,0,0,0,0,0,0,0,0,0,0,0,0,0,0,0
CCCCCCOS(C)(=O)=O,[Li+].O=C1O[B-](F)(F)OC1=O,-1.18530929,-1.63903112,0.285151831,1.403112874,0.107494313,0.794562458,-0.189131354,-0.101360417,-0.315140081,-0.400167341,-1.667608532,-0.618448488,-0.798955123,-0.287006982,0.737934385,-0.387958044,-0.076665854,0.008496047,0.16133813,0.109062661,180.0820154,144.0017749,1,150,50,0.003003333,0.003003333,0.003003333,0,0,0,0,0,0,0,0,0,0,0,0,0,0,0,0,0,0,0,0
CCCCCOCCCCC,[Li+].[N-](S(=O)(=O)F)S(=O)(=O)F,-0.787098605,-1.860123434,0.108463449,1.068635022,-0.232015795,1.043709312,0.085860172,-0.335380632,-0.105991435,-0.288296023,-2.16657931,-0.415815516,-0.412779777,-0.289515906,1.09957985,0.128733297,-0.322338982,0.258766944,0.301778981,-0.272647965,158.1670653,186.9396855,1,150,50,0.054966667,0.054966667,0.054966667,0,0,0,0,0,0,0,0,0,0,0,0,0,0,0,0,0,0,0,0
CCCCOCCCl,[Li+].[N-](S(=O)(=O)F)S(=O)(=O)F,-0.74462789,-1.849104375,0.136047498,0.898735407,-0.15882401,0.886538129,0.120522772,-0.324357952,-0.252139562,-0.342023973,-2.16657931,-0.415815516,-0.412779777,-0.289515906,1.09957985,0.128733297,-0.322338982,0.258766944,0.301778981,-0.272647965,136.0654927,186.9396855,1,150,50,0,0,0,0,0,0,0,0,0,0,0,0,0,0,0,0,0,0,0,0,0,0,0
CCCCOCCCl,[Li+].F[P-](F)(F)(F)(F)F,-0.74462789,-1.849104375,0.136047498,0.898735407,-0.15882401,0.886538129,0.120522772,-0.324357952,-0.252139562,-0.342023973,-2.371316852,-0.309856161,-0.8897859,-0.430759472,0.838348772,0.203689502,-0.160053499,0.195229563,0.319099024,-0.209425384,136.0654927,151.9801855,1,150,50,0,0,0,0,0,0,0,0,0,0,0,0,0,0,0,0,0,0,0,0,0,0,0
CCCCOCCCl,[Li+].O=C1O[B-](F)(F)OC1=O,-0.74462789,-1.849104375,0.136047498,0.898735407,-0.15882401,0.886538129,0.120522772,-0.324357952,-0.252139562,-0.342023973,-1.667608532,-0.618448488,-0.798955123,-0.287006982,0.737934385,-0.387958044,-0.076665854,0.008496047,0.16133813,0.109062661,136.0654927,144.0017749,1,150,50,0,0,0,0,0,0,0,0,0,0,0,0,0,0,0,0,0,0,0,0,0,0,0
CCCCOCCOCCCC,[Li+].[N-](S(=O)(=O)F)S(=O)(=O)F,-0.737848872,-1.805652897,0.13088765,0.892560727,-0.210908781,0.928592701,0.160994469,-0.291147146,-0.204588999,-0.305156422,-2.16657931,-0.415815516,-0.412779777,-0.289515906,1.09957985,0.128733297,-0.322338982,0.258766944,0.301778981,-0.272647965,174.1619799,186.9396855,1,150,50,0.15425799,0.15425799,0.15425799,0,0,0,0,0,0,0,0,0,0,0,0,0,0,0,0,0,0,0,0
CCCCOC,[Li+].[N-](S(=O)(=O)F)S(=O)(=O)F,-1.185937061,-1.761041234,0.562131313,0.697611981,-0.65580522,1.009843251,0.605022811,0.421359606,-0.216749873,-0.231323839,-2.16657931,-0.415815516,-0.412779777,-0.289515906,1.09957985,0.128733297,-0.322338982,0.258766944,0.301778981,-0.272647965,88.088815,186.9396855,1,150,50,0.6343,0.6343,0.6343,0,0,0,0,0,0,0,0,0,0,0,0,0,0,0,0,0,0,0,0
CCCCCCON=O,[Li+].[N-](S(=O)(=O)F)S(=O)(=O)F,-1.173966761,-1.622741941,0.337940198,1.444529414,0.087287453,0.85600688,-0.25828988,-0.100901693,-0.129672979,-0.171101529,-2.16657931,-0.415815516,-0.412779777,-0.289515906,1.09957985,0.128733297,-0.322338982,0.258766944,0.301778981,-0.272647965,131.0946287,186.9396855,1,150,50,0,0,0,0,0,0,0,0,0,0,0,0,0,0,0,0,0,0,0,0,0,0,0
CCCCCCON=O,[Li+].F[P-](F)(F)(F)(F)F,-1.173966761,-1.622741941,0.337940198,1.444529414,0.087287453,0.85600688,-0.25828988,-0.100901693,-0.129672979,-0.171101529,-2.371316852,-0.309856161,-0.8897859,-0.430759472,0.838348772,0.203689502,-0.160053499,0.195229563,0.319099024,-0.209425384,131.0946287,151.9801855,1,150,50,0,0,0,0,0,0,0,0,0,0,0,0,0,0,0,0,0,0,0,0,0,0,0
CCCCCCON=O,[Li+].O=C1O[B-](F)(F)OC1=O,-1.173966761,-1.622741941,0.337940198,1.444529414,0.087287453,0.85600688,-0.25828988,-0.100901693,-0.129672979,-0.171101529,-1.667608532,-0.618448488,-0.798955123,-0.287006982,0.737934385,-0.387958044,-0.076665854,0.008496047,0.16133813,0.109062661,131.0946287,144.0017749,1,150,50,0,0,0,0,0,0,0,0,0,0,0,0,0,0,0,0,0,0,0,0,0,0,0
CO[Si](CCC(F)(F)C(F)(F)C(F)(F)C(F)(F)C(F)(F)C(F)(F)F)(OC)OC,[Li+].[N-](S(=O)(=O)F)S(=O)(=O)F,-0.703865007,-1.378061069,0.988412063,-0.661167388,0.540599114,-0.224957471,0.849145837,-0.022704399,-0.042483437,-0.263213344,-2.16657931,-0.415815516,-0.412779777,-0.289515906,1.09957985,0.128733297,-0.322338982,0.258766944,0.301778981,-0.272647965,468.0426377,186.9396855,1,150,50,0,0,0,0,0,0,0,0,0,0,0,0,0,0,0,0,0,0,0,0,0,0,0
CO[Si](CCC(F)(F)C(F)(F)C(F)(F)C(F)(F)C(F)(F)C(F)(F)F)(OC)OC,[Li+].F[P-](F)(F)(F)(F)F,-0.703865007,-1.378061069,0.988412063,-0.661167388,0.540599114,-0.224957471,0.849145837,-0.022704399,-0.042483437,-0.263213344,-2.371316852,-0.309856161,-0.8897859,-0.430759472,0.838348772,0.203689502,-0.160053499,0.195229563,0.319099024,-0.209425384,468.0426377,151.9801855,1,150,50,0,0,0,0,0,0,0,0,0,0,0,0,0,0,0,0,0,0,0,0,0,0,0
CO[Si](CCC(F)(F)C(F)(F)C(F)(F)C(F)(F)C(F)(F)C(F)(F)F)(OC)OC,[Li+].O=C1O[B-](F)(F)OC1=O,-0.703865007,-1.378061069,0.988412063,-0.661167388,0.540599114,-0.224957471,0.849145837,-0.022704399,-0.042483437,-0.263213344,-1.667608532,-0.618448488,-0.798955123,-0.287006982,0.737934385,-0.387958044,-0.076665854,0.008496047,0.16133813,0.109062661,468.0426377,144.0017749,1,150,50,0,0,0,0,0,0,0,0,0,0,0,0,0,0,0,0,0,0,0,0,0,0,0
CCCCC(OCC)OCC,[Li+].[N-](S(=O)(=O)F)S(=O)(=O)F,-1.136945474,-1.670537514,-0.213662857,1.023835565,-0.44958334,-0.032573225,-0.28224366,-0.394660337,0.180567221,-0.037578721,-2.16657931,-0.415815516,-0.412779777,-0.289515906,1.09957985,0.128733297,-0.322338982,0.258766944,0.301778981,-0.272647965,160.1463299,186.9396855,1,150,50,0,0,0,0,0,0,0,0,0,0,0,0,0,0,0,0,0,0,0,0,0,0,0
CCCCC(OCC)OCC,[Li+].F[P-](F)(F)(F)(F)F,-1.136945474,-1.670537514,-0.213662857,1.023835565,-0.44958334,-0.032573225,-0.28224366,-0.394660337,0.180567221,-0.037578721,-2.371316852,-0.309856161,-0.8897859,-0.430759472,0.838348772,0.203689502,-0.160053499,0.195229563,0.319099024,-0.209425384,160.1463299,151.9801855,1,150,50,0,0,0,0,0,0,0,0,0,0,0,0,0,0,0,0,0,0,0,0,0,0,0
CCCCC(OCC)OCC,[Li+].O=C1O[B-](F)(F)OC1=O,-1.136945474,-1.670537514,-0.213662857,1.023835565,-0.44958334,-0.032573225,-0.28224366,-0.394660337,0.180567221,-0.037578721,-1.667608532,-0.618448488,-0.798955123,-0.287006982,0.737934385,-0.387958044,-0.076665854,0.008496047,0.16133813,0.109062661,160.1463299,144.0017749,1,150,50,0,0,0,0,0,0,0,0,0,0,0,0,0,0,0,0,0,0,0,0,0,0,0
COCCOCC(OC)OC,[Li+].[N-](S(=O)(=O)F)S(=O)(=O)F,-1.17192383,-1.054353438,0.913876537,-0.509980213,-0.92035826,-0.036805772,0.730853956,0.526808641,-0.674863265,-0.384145247,-2.16657931,-0.415815516,-0.412779777,-0.289515906,1.09957985,0.128733297,-0.322338982,0.258766944,0.301778981,-0.272647965,164.104859,186.9396855,1,150,50,6.67E-05,6.67E-05,6.67E-05,0,0,0,0,0,0,0,0,0,0,0,0,0,0,0,0,0,0,0,0
COCCOCC(OC)OC,[Li+].F[P-](F)(F)(F)(F)F,-1.17192383,-1.054353438,0.913876537,-0.509980213,-0.92035826,-0.036805772,0.730853956,0.526808641,-0.674863265,-0.384145247,-2.371316852,-0.309856161,-0.8897859,-0.430759472,0.838348772,0.203689502,-0.160053499,0.195229563,0.319099024,-0.209425384,164.104859,151.9801855,1,150,50,6.67E-05,6.67E-05,6.67E-05,0,0,0,0,0,0,0,0,0,0,0,0,0,0,0,0,0,0,0,0
COCCOCC(OC)OC,[Li+].O=C1O[B-](F)(F)OC1=O,-1.17192383,-1.054353438,0.913876537,-0.509980213,-0.92035826,-0.036805772,0.730853956,0.526808641,-0.674863265,-0.384145247,-1.667608532,-0.618448488,-0.798955123,-0.287006982,0.737934385,-0.387958044,-0.076665854,0.008496047,0.16133813,0.109062661,164.104859,144.0017749,1,150,50,6.67E-05,6.67E-05,6.67E-05,0,0,0,0,0,0,0,0,0,0,0,0,0,0,0,0,0,0,0,0
COCCCCCl,[Li+].[N-](S(=O)(=O)F)S(=O)(=O)F,-0.895786544,-1.564556367,0.936152403,-0.167522035,-0.491034939,0.63148351,0.790138052,0.755837966,-0.893535523,-0.483200194,-2.16657931,-0.415815516,-0.412779777,-0.289515906,1.09957985,0.128733297,-0.322338982,0.258766944,0.301778981,-0.272647965,122.0498427,186.9396855,1,150,50,0,0,0,0,0,0,0,0,0,0,0,0,0,0,0,0,0,0,0,0,0,0,0
COCCCCCl,[Li+].F[P-](F)(F)(F)(F)F,-0.895786544,-1.564556367,0.936152403,-0.167522035,-0.491034939,0.63148351,0.790138052,0.755837966,-0.893535523,-0.483200194,-2.371316852,-0.309856161,-0.8897859,-0.430759472,0.838348772,0.203689502,-0.160053499,0.195229563,0.319099024,-0.209425384,122.0498427,151.9801855,1,150,50,0,0,0,0,0,0,0,0,0,0,0,0,0,0,0,0,0,0,0,0,0,0,0
COCCCCCl,[Li+].O=C1O[B-](F)(F)OC1=O,-0.895786544,-1.564556367,0.936152403,-0.167522035,-0.491034939,0.63148351,0.790138052,0.755837966,-0.893535523,-0.483200194,-1.667608532,-0.618448488,-0.798955123,-0.287006982,0.737934385,-0.387958044,-0.076665854,0.008496047,0.16133813,0.109062661,122.0498427,144.0017749,1,150,50,0,0,0,0,0,0,0,0,0,0,0,0,0,0,0,0,0,0,0,0,0,0,0
COCC(F)(F)C(F)(F)F,[Li+].[N-](S(=O)(=O)F)S(=O)(=O)F,-0.682909459,-1.492216645,1.039659345,-0.738616717,0.390640678,-0.038716311,1.00684981,0.213856202,-0.107252687,-0.350478317,-2.16657931,-0.415815516,-0.412779777,-0.289515906,1.09957985,0.128733297,-0.322338982,0.258766944,0.301778981,-0.272647965,164.0260559,186.9396855,1,150,50,0,0,0,0,0,0,0,0,0,0,0,0,0,0,0,0,0,0,0,0,0,0,0
COCC(F)(F)C(F)(F)F,[Li+].F[P-](F)(F)(F)(F)F,-0.682909459,-1.492216645,1.039659345,-0.738616717,0.390640678,-0.038716311,1.00684981,0.213856202,-0.107252687,-0.350478317,-2.371316852,-0.309856161,-0.8897859,-0.430759472,0.838348772,0.203689502,-0.160053499,0.195229563,0.319099024,-0.209425384,164.0260559,151.9801855,1,150,50,0,0,0,0,0,0,0,0,0,0,0,0,0,0,0,0,0,0,0,0,0,0,0
COCC(F)(F)C(F)(F)F,[Li+].O=C1O[B-](F)(F)OC1=O,-0.682909459,-1.492216645,1.039659345,-0.738616717,0.390640678,-0.038716311,1.00684981,0.213856202,-0.107252687,-0.350478317,-1.667608532,-0.618448488,-0.798955123,-0.287006982,0.737934385,-0.387958044,-0.076665854,0.008496047,0.16133813,0.109062661,164.0260559,144.0017749,1,150,50,0,0,0,0,0,0,0,0,0,0,0,0,0,0,0,0,0,0,0,0,0,0,0
CCOCCOC,[Li+].[N-](S(=O)(=O)F)S(=O)(=O)F,-1.084384417,-1.014022376,0.862732124,0.014254823,-0.373999805,0.614768392,0.62817065,0.548904152,-0.601820779,-0.3408054,-2.16657931,-0.415815516,-0.412779777,-0.289515906,1.09957985,0.128733297,-0.322338982,0.258766944,0.301778981,-0.272647965,104.0837296,186.9396855,1,150,50,0.6746,0.6746,0.6746,0,0,0,0,0,0,0,0,0,0,0,0,0,0,0,0,0,0,0,0
CCOCCOC,[Li+].F[P-](F)(F)(F)(F)F,-1.084384417,-1.014022376,0.862732124,0.014254823,-0.373999805,0.614768392,0.62817065,0.548904152,-0.601820779,-0.3408054,-2.371316852,-0.309856161,-0.8897859,-0.430759472,0.838348772,0.203689502,-0.160053499,0.195229563,0.319099024,-0.209425384,104.0837296,151.9801855,1,150,50,0.6746,0.6746,0.6746,0,0,0,0,0,0,0,0,0,0,0,0,0,0,0,0,0,0,0,0
CCOCCOC,[Li+].O=C1O[B-](F)(F)OC1=O,-1.084384417,-1.014022376,0.862732124,0.014254823,-0.373999805,0.614768392,0.62817065,0.548904152,-0.601820779,-0.3408054,-1.667608532,-0.618448488,-0.798955123,-0.287006982,0.737934385,-0.387958044,-0.076665854,0.008496047,0.16133813,0.109062661,104.0837296,144.0017749,1,150,50,0.6746,0.6746,0.6746,0,0,0,0,0,0,0,0,0,0,0,0,0,0,0,0,0,0,0,0
COC1CCCCC1,[Li+].[N-](S(=O)(=O)F)S(=O)(=O)F,0.869687698,-0.928812612,0.864416639,-0.633461315,-0.657133789,0.776593843,0.13420089,-0.833311649,-0.395449093,-0.829246964,-2.16657931,-0.415815516,-0.412779777,-0.289515906,1.09957985,0.128733297,-0.322338982,0.258766944,0.301778981,-0.272647965,114.1044651,186.9396855,1,150,50,0.587033333,0.587033333,0.587033333,0,0,0,0,0,0,0,0,0,0,0,0,0,0,0,0,0,0,0,0
COC1CCCCC1,[Li+].F[P-](F)(F)(F)(F)F,0.869687698,-0.928812612,0.864416639,-0.633461315,-0.657133789,0.776593843,0.13420089,-0.833311649,-0.395449093,-0.829246964,-2.371316852,-0.309856161,-0.8897859,-0.430759472,0.838348772,0.203689502,-0.160053499,0.195229563,0.319099024,-0.209425384,114.1044651,151.9801855,1,150,50,0.587033333,0.587033333,0.587033333,0,0,0,0,0,0,0,0,0,0,0,0,0,0,0,0,0,0,0,0
COC1CCCCC1,[Li+].O=C1O[B-](F)(F)OC1=O,0.869687698,-0.928812612,0.864416639,-0.633461315,-0.657133789,0.776593843,0.13420089,-0.833311649,-0.395449093,-0.829246964,-1.667608532,-0.618448488,-0.798955123,-0.287006982,0.737934385,-0.387958044,-0.076665854,0.008496047,0.16133813,0.109062661,114.1044651,144.0017749,1,150,50,0.587033333,0.587033333,0.587033333,0,0,0,0,0,0,0,0,0,0,0,0,0,0,0,0,0,0,0,0
COCCCCCOC,[Li+].[N-](S(=O)(=O)F)S(=O)(=O)F,-0.946328116,-1.547746394,0.90636626,0.007913098,-0.568101032,0.750411437,0.805633929,0.679370547,-0.849496125,-0.42811115,-2.16657931,-0.415815516,-0.412779777,-0.289515906,1.09957985,0.128733297,-0.322338982,0.258766944,0.301778981,-0.272647965,132.1150298,186.9396855,1,150,50,0.379666667,0.379666667,0.379666667,0,0,0,0,0,0,0,0,0,0,0,0,0,0,0,0,0,0,0,0
COCCCCCOC,[Li+].F[P-](F)(F)(F)(F)F,-0.946328116,-1.547746394,0.90636626,0.007913098,-0.568101032,0.750411437,0.805633929,0.679370547,-0.849496125,-0.42811115,-2.371316852,-0.309856161,-0.8897859,-0.430759472,0.838348772,0.203689502,-0.160053499,0.195229563,0.319099024,-0.209425384,132.1150298,151.9801855,1,150,50,0.379666667,0.379666667,0.379666667,0,0,0,0,0,0,0,0,0,0,0,0,0,0,0,0,0,0,0,0
COCCCCCOC,[Li+].O=C1O[B-](F)(F)OC1=O,-0.946328116,-1.547746394,0.90636626,0.007913098,-0.568101032,0.750411437,0.805633929,0.679370547,-0.849496125,-0.42811115,-1.667608532,-0.618448488,-0.798955123,-0.287006982,0.737934385,-0.387958044,-0.076665854,0.008496047,0.16133813,0.109062661,132.1150298,144.0017749,1,150,50,0.379666667,0.379666667,0.379666667,0,0,0,0,0,0,0,0,0,0,0,0,0,0,0,0,0,0,0,0
COCCCOC,[Li+].[N-](S(=O)(=O)F)S(=O)(=O)F,-0.878582695,-1.488406191,0.875382284,-0.187067583,-0.506087729,0.578476586,0.819151631,0.744719537,-0.853250676,-0.447222579,-2.16657931,-0.415815516,-0.412779777,-0.289515906,1.09957985,0.128733297,-0.322338982,0.258766944,0.301778981,-0.272647965,104.0837296,186.9396855,1,150,50,0.7469,0.7469,0.7469,0,0,0,0,0,0,0,0,0,0,0,0,0,0,0,0,0,0,0,0
COCCCOC,[Li+].F[P-](F)(F)(F)(F)F,-0.878582695,-1.488406191,0.875382284,-0.187067583,-0.506087729,0.578476586,0.819151631,0.744719537,-0.853250676,-0.447222579,-2.371316852,-0.309856161,-0.8897859,-0.430759472,0.838348772,0.203689502,-0.160053499,0.195229563,0.319099024,-0.209425384,104.0837296,151.9801855,1,150,50,0.7469,0.7469,0.7469,0,0,0,0,0,0,0,0,0,0,0,0,0,0,0,0,0,0,0,0
COCCCOC,[Li+].O=C1O[B-](F)(F)OC1=O,-0.878582695,-1.488406191,0.875382284,-0.187067583,-0.506087729,0.578476586,0.819151631,0.744719537,-0.853250676,-0.447222579,-1.667608532,-0.618448488,-0.798955123,-0.287006982,0.737934385,-0.387958044,-0.076665854,0.008496047,0.16133813,0.109062661,104.0837296,144.0017749,1,150,50,0.7469,0.7469,0.7469,0,0,0,0,0,0,0,0,0,0,0,0,0,0,0,0,0,0,0,0
COCCCOCCCOC,[Li+].[N-](S(=O)(=O)F)S(=O)(=O)F,-0.633501946,-1.410068584,0.798629761,-0.225137863,-0.70100844,0.879348843,0.961947698,0.459920622,-0.952924761,-0.508402656,-2.16657931,-0.415815516,-0.412779777,-0.289515906,1.09957985,0.128733297,-0.322338982,0.258766944,0.301778981,-0.272647965,162.1255944,186.9396855,1,150,50,0.5885,0.5885,0.5885,0,0,0,0,0,0,0,0,0,0,0,0,0,0,0,0,0,0,0,0
COCCCOCCCOC,[Li+].F[P-](F)(F)(F)(F)F,-0.633501946,-1.410068584,0.798629761,-0.225137863,-0.70100844,0.879348843,0.961947698,0.459920622,-0.952924761,-0.508402656,-2.371316852,-0.309856161,-0.8897859,-0.430759472,0.838348772,0.203689502,-0.160053499,0.195229563,0.319099024,-0.209425384,162.1255944,151.9801855,1,150,50,0.5885,0.5885,0.5885,0,0,0,0,0,0,0,0,0,0,0,0,0,0,0,0,0,0,0,0
COCCCOCCCOC,[Li+].O=C1O[B-](F)(F)OC1=O,-0.633501946,-1.410068584,0.798629761,-0.225137863,-0.70100844,0.879348843,0.961947698,0.459920622,-0.952924761,-0.508402656,-1.667608532,-0.618448488,-0.798955123,-0.287006982,0.737934385,-0.387958044,-0.076665854,0.008496047,0.16133813,0.109062661,162.1255944,144.0017749,1,150,50,0.5885,0.5885,0.5885,0,0,0,0,0,0,0,0,0,0,0,0,0,0,0,0,0,0,0,0
CS(=O)(=O)F,[Li+].[N-](S(=O)(=O)F)S(=O)(=O)F,-0.343456338,-1.452368066,0.33952597,0.176204021,0.897094327,-0.507669271,-0.378476709,-0.085316436,-0.729510589,-0.612523404,-2.16657931,-0.415815516,-0.412779777,-0.289515906,1.09957985,0.128733297,-0.322338982,0.258766944,0.301778981,-0.272647965,97.98377856,186.9396855,1,150,50,0,0,0,0,0,0,0,0,0,0,0,0,0,0,0,0,0,0,0,0,0,0,0
CS(=O)(=O)F,[Li+].F[P-](F)(F)(F)(F)F,-0.343456338,-1.452368066,0.33952597,0.176204021,0.897094327,-0.507669271,-0.378476709,-0.085316436,-0.729510589,-0.612523404,-2.371316852,-0.309856161,-0.8897859,-0.430759472,0.838348772,0.203689502,-0.160053499,0.195229563,0.319099024,-0.209425384,97.98377856,151.9801855,1,150,50,0,0,0,0,0,0,0,0,0,0,0,0,0,0,0,0,0,0,0,0,0,0,0
CS(=O)(=O)F,[Li+].O=C1O[B-](F)(F)OC1=O,-0.343456338,-1.452368066,0.33952597,0.176204021,0.897094327,-0.507669271,-0.378476709,-0.085316436,-0.729510589,-0.612523404,-1.667608532,-0.618448488,-0.798955123,-0.287006982,0.737934385,-0.387958044,-0.076665854,0.008496047,0.16133813,0.109062661,97.98377856,144.0017749,1,150,50,0,0,0,0,0,0,0,0,0,0,0,0,0,0,0,0,0,0,0,0,0,0,0
COC(CCl)(CCl)OC,[Li+].[N-](S(=O)(=O)F)S(=O)(=O)F,-0.715544088,-1.384986806,0.702146539,-0.545643339,0.424318432,0.071399078,0.660587204,0.237140954,-0.253941477,-0.292156017,-2.16657931,-0.415815516,-0.412779777,-0.289515906,1.09957985,0.128733297,-0.322338982,0.258766944,0.301778981,-0.272647965,172.0057849,186.9396855,1,150,50,0,0,0,0,0,0,0,0,0,0,0,0,0,0,0,0,0,0,0,0,0,0,0
COCCOCC(=O)OC,[Li+].[N-](S(=O)(=O)F)S(=O)(=O)F,-1.314980792,0.184490634,1.62237815,-0.105443688,-0.221744012,0.414074215,0.458720331,0.608243624,-0.832032203,-0.49176043,-2.16657931,-0.415815516,-0.412779777,-0.289515906,1.09957985,0.128733297,-0.322338982,0.258766944,0.301778981,-0.272647965,148.0735589,186.9396855,1,150,50,6.67E-05,6.67E-05,6.67E-05,0,0,0,0,0,0,0,0,0,0,0,0,0,0,0,0,0,0,0,0
COCCOCC(=O)OC,[Li+].F[P-](F)(F)(F)(F)F,-1.314980792,0.184490634,1.62237815,-0.105443688,-0.221744012,0.414074215,0.458720331,0.608243624,-0.832032203,-0.49176043,-2.371316852,-0.309856161,-0.8897859,-0.430759472,0.838348772,0.203689502,-0.160053499,0.195229563,0.319099024,-0.209425384,148.0735589,151.9801855,1,150,50,6.67E-05,6.67E-05,6.67E-05,0,0,0,0,0,0,0,0,0,0,0,0,0,0,0,0,0,0,0,0
COCCOCC(=O)OC,[Li+].O=C1O[B-](F)(F)OC1=O,-1.314980792,0.184490634,1.62237815,-0.105443688,-0.221744012,0.414074215,0.458720331,0.608243624,-0.832032203,-0.49176043,-1.667608532,-0.618448488,-0.798955123,-0.287006982,0.737934385,-0.387958044,-0.076665854,0.008496047,0.16133813,0.109062661,148.0735589,144.0017749,1,150,50,6.67E-05,6.67E-05,6.67E-05,0,0,0,0,0,0,0,0,0,0,0,0,0,0,0,0,0,0,0,0